"b","unit","day","dentadult","dentinf","lumadult","luminf"
1,"u1",7,5,0,3,0
1,"u1",12,15,0,2,0
1,"u1",17,27,0,10,1
1,"u1",22,36,0,22,0
1,"u1",27,51,0,20,0
1,"u1",32,20,1,30,1
1,"u1",37,48,3,19,18
1,"u1",42,29,25,10,1
1,"u1",47,33,8,3,3
1,"u1",52,31,3,18,4
1,"u2",7,6,0,1,0
1,"u2",12,2,0,4,0
1,"u2",17,38,0,27,0
1,"u2",22,21,2,22,0
1,"u2",27,108,4,22,1
1,"u2",32,87,15,54,2
1,"u2",37,158,50,59,20
1,"u2",42,25,1,6,4
1,"u2",47,26,11,19,1
1,"u2",52,15,40,9,2
1,"u3",7,2,0,0,0
1,"u3",12,8,0,0,0
1,"u3",17,13,0,1,0
1,"u3",22,25,0,10,0
1,"u3",27,27,0,20,0
1,"u3",32,22,0,38,3
1,"u3",37,50,21,101,1
1,"u3",42,43,19,48,99
1,"u3",47,6,4,30,44
1,"u3",52,10,1,10,10
1,"u4",7,2,0,3,0
1,"u4",12,8,0,2,1
1,"u4",17,21,0,8,0
1,"u4",22,40,0,8,0
1,"u4",27,23,2,24,0
1,"u4",32,40,15,18,4
1,"u4",37,21,2,12,4
1,"u4",42,21,29,3,1
1,"u4",47,87,44,3,2
1,"u4",52,28,2,0,0
1,"u5",7,14,0,3,0
1,"u5",12,12,0,5,0
1,"u5",17,21,3,18,1
1,"u5",22,43,45,8,1
1,"u5",27,36,9,8,4
1,"u5",32,15,14,4,5
1,"u5",37,3,34,1,7
1,"u5",42,3,2,3,1
1,"u5",47,3,1,1,0
1,"u5",52,1,0,0,0
1,"u6",7,1,0,0,0
1,"u6",12,27,0,2,0
1,"u6",17,17,0,3,0
1,"u6",22,9,2,19,0
1,"u6",27,31,1,16,9
1,"u6",32,36,1,39,15
1,"u6",37,3,9,5,8
1,"u6",42,1,0,2,11
1,"u6",47,1,3,3,12
1,"u6",52,0,1,5,7
1,"u7",7,2,0,0,1
1,"u7",12,13,0,2,0
1,"u7",17,11,0,9,1
1,"u7",22,46,0,34,0
1,"u7",27,64,0,20,8
1,"u7",32,18,3,2,14
1,"u7",37,7,6,5,2
1,"u7",42,17,10,1,12
1,"u7",47,10,0,0,0
1,"u7",52,5,1,2,1
1,"u8",7,4,0,4,0
1,"u8",12,9,0,1,0
1,"u8",17,12,1,12,0
1,"u8",22,47,0,55,2
1,"u8",27,40,2,13,51
1,"u8",32,11,1,42,50
1,"u8",37,2,3,25,54
1,"u8",42,6,1,6,11
1,"u8",47,1,1,3,7
1,"u8",52,2,0,4,3
2,"u1",7,2,0,3,0
2,"u1",12,11,0,1,0
2,"u1",17,52,0,9,1
2,"u1",22,76,0,3,1
2,"u1",27,52,37,7,3
2,"u1",32,32,22,2,1
2,"u1",37,21,7,6,0
2,"u1",42,23,5,4,0
2,"u1",47,28,0,3,0
2,"u1",52,6,11,1,3
2,"u2",7,5,0,2,0
2,"u2",12,7,1,3,0
2,"u2",17,27,5,7,0
2,"u2",22,18,13,14,2
2,"u2",27,150,14,24,9
2,"u2",32,136,35,4,1
2,"u2",37,44,53,6,12
2,"u2",42,61,26,2,6
2,"u2",47,26,0,3,0
2,"u2",52,34,25,5,0
2,"u3",7,9,0,2,0
2,"u3",12,0,0,5,0
2,"u3",17,14,1,7,0
2,"u3",22,31,0,12,0
2,"u3",27,38,2,10,0
2,"u3",32,106,3,30,0
2,"u3",37,152,2,48,14
2,"u3",42,52,70,14,5
2,"u3",47,5,25,10,5
2,"u3",52,25,2,7,3
2,"u4",7,1,0,1,0
2,"u4",12,2,0,4,0
2,"u4",17,5,0,4,0
2,"u4",22,17,1,9,0
2,"u4",27,9,0,11,1
2,"u4",32,36,0,10,0
2,"u4",37,52,0,17,0
2,"u4",42,19,8,29,10
2,"u4",47,18,3,15,9
2,"u4",52,2,1,16,0
2,"u5",7,9,0,1,0
2,"u5",12,15,0,3,0
2,"u5",17,14,0,8,0
2,"u5",22,76,0,22,0
2,"u5",27,112,21,14,0
2,"u5",32,73,26,24,0
2,"u5",37,66,18,3,10
2,"u5",42,24,14,3,3
2,"u5",47,27,56,3,0
2,"u5",52,12,2,2,0
2,"u6",7,2,0,0,0
2,"u6",12,43,0,17,0
2,"u6",17,94,4,26,5
2,"u6",22,32,64,41,7
2,"u6",27,17,3,10,24
2,"u6",32,5,0,9,18
2,"u6",37,5,0,0,1
2,"u6",42,9,0,0,1
2,"u6",47,1,2,2,0
2,"u6",52,5,0,0,0
2,"u7",7,6,0,1,0
2,"u7",12,43,0,5,0
2,"u7",17,28,0,11,0
2,"u7",22,223,0,12,0
2,"u7",27,88,20,87,15
2,"u7",32,105,18,11,3
2,"u7",37,24,56,0,9
2,"u7",42,8,7,0,0
2,"u7",47,3,1,0,0
2,"u7",52,1,0,0,0
2,"u8",7,0,0,0,0
2,"u8",12,2,0,8,1
2,"u8",17,49,1,17,0
2,"u8",22,19,1,63,0
2,"u8",27,146,24,57,24
2,"u8",32,26,5,9,18
2,"u8",37,8,1,3,6
2,"u8",42,2,1,0,0
2,"u8",47,1,0,0,0
2,"u8",52,0,0,0,2
3,"u1",7,2,0,4,0
3,"u1",12,21,0,3,0
3,"u1",17,28,0,2,0
3,"u1",22,88,0,95,0
3,"u1",27,186,22,58,7
3,"u1",32,98,18,128,212
3,"u1",37,18,58,34,26
3,"u1",42,7,18,16,17
3,"u1",47,15,2,12,15
3,"u1",52,4,4,23,0
3,"u2",7,1,0,1,0
3,"u2",12,1,1,2,0
3,"u2",17,7,0,3,0
3,"u2",22,38,1,13,0
3,"u2",27,34,4,17,0
3,"u2",32,59,23,9,0
3,"u2",37,38,10,14,4
3,"u2",42,67,29,0,2
3,"u2",47,9,5,4,0
3,"u2",52,16,22,0,2
3,"u3",7,5,0,2,0
3,"u3",12,11,0,5,0
3,"u3",17,43,0,6,0
3,"u3",22,39,0,16,0
3,"u3",27,50,4,14,1
3,"u3",32,90,2,15,0
3,"u3",37,50,6,10,0
3,"u3",42,39,6,10,4
3,"u3",47,27,10,4,4
3,"u3",52,16,2,3,0
3,"u4",7,7,0,1,0
3,"u4",12,10,0,2,0
3,"u4",17,67,0,15,0
3,"u4",22,146,12,32,1
3,"u4",27,189,5,43,25
3,"u4",32,188,65,8,6
3,"u4",37,36,5,7,10
3,"u4",42,34,13,1,1
3,"u4",47,21,9,5,1
3,"u4",52,3,0,0,1
3,"u5",7,4,0,3,0
3,"u5",12,12,2,3,0
3,"u5",17,25,0,6,0
3,"u5",22,30,0,5,0
3,"u5",27,41,5,6,0
3,"u5",32,19,7,1,3
3,"u5",37,6,1,0,0
3,"u5",42,3,2,5,0
3,"u5",47,0,2,2,5
3,"u5",52,1,0,0,1
3,"u6",7,1,0,0,0
3,"u6",12,29,0,2,1
3,"u6",17,35,0,15,1
3,"u6",22,40,0,18,3
3,"u6",27,11,1,45,5
3,"u6",32,51,12,33,0
3,"u6",37,10,0,4,2
3,"u6",42,2,0,0,16
3,"u6",47,3,0,7,7
3,"u6",52,0,0,5,0
3,"u7",7,0,0,1,0
3,"u7",12,37,0,13,0
3,"u7",17,67,1,17,1
3,"u7",22,241,0,7,0
3,"u7",27,45,62,10,2
3,"u7",32,26,10,1,1
3,"u7",37,3,4,1,1
3,"u7",42,0,0,0,0
3,"u7",47,0,0,1,0
3,"u7",52,12,0,2,0
3,"u8",7,2,0,3,0
3,"u8",12,22,0,7,0
3,"u8",17,25,0,8,0
3,"u8",22,64,0,39,0
3,"u8",27,36,0,40,23
3,"u8",32,39,13,31,2
3,"u8",37,0,5,5,62
3,"u8",42,2,0,3,38
3,"u8",47,1,0,0,7
3,"u8",52,0,0,0,19
4,"u1",7,3,0,0,0
4,"u1",12,9,1,1,0
4,"u1",17,22,0,1,3
4,"u1",22,35,1,8,0
4,"u1",27,62,9,10,0
4,"u1",32,20,2,13,1
4,"u1",37,11,4,12,1
4,"u1",42,17,16,4,0
4,"u1",47,18,6,1,4
4,"u1",52,13,4,3,0
4,"u2",7,7,0,3,0
4,"u2",12,4,1,9,0
4,"u2",17,8,5,18,1
4,"u2",22,55,0,19,1
4,"u2",27,12,4,39,6
4,"u2",32,37,2,42,8
4,"u2",37,9,4,21,1
4,"u2",42,2,3,9,4
4,"u2",47,0,1,1,11
4,"u2",52,1,1,1,6
4,"u3",7,1,0,4,0
4,"u3",12,15,0,8,0
4,"u3",17,63,0,3,0
4,"u3",22,64,0,26,1
4,"u3",27,77,24,21,6
4,"u3",32,71,57,30,5
4,"u3",37,65,65,24,38
4,"u3",42,34,8,14,17
4,"u3",47,46,30,3,2
4,"u3",52,10,23,3,3
4,"u4",7,4,0,0,0
4,"u4",12,3,0,19,0
4,"u4",17,23,2,30,1
4,"u4",22,28,18,35,5
4,"u4",27,15,26,78,4
4,"u4",32,37,8,19,15
4,"u4",37,11,9,13,19
4,"u4",42,1,2,1,12
4,"u4",47,0,2,0,3
4,"u4",52,0,1,1,0
4,"u5",7,10,0,1,0
4,"u5",12,33,0,9,1
4,"u5",17,84,1,60,15
4,"u5",22,4,58,53,69
4,"u5",27,4,4,37,20
4,"u5",32,6,6,0,4
4,"u5",37,0,6,4,10
4,"u5",42,4,2,2,1
4,"u5",47,4,0,7,2
4,"u5",52,0,1,5,2
4,"u6",7,7,0,3,0
4,"u6",12,3,0,0,0
4,"u6",17,5,0,10,1
4,"u6",22,13,0,8,2
4,"u6",27,14,9,12,6
4,"u6",32,10,0,9,0
4,"u6",37,19,7,2,6
4,"u6",42,8,6,0,3
4,"u6",47,1,2,0,1
4,"u6",52,4,0,0,0
4,"u7",7,14,0,0,0
4,"u7",12,10,0,4,0
4,"u7",17,69,11,11,0
4,"u7",22,25,20,3,0
4,"u7",27,41,3,2,1
4,"u7",32,9,0,1,1
4,"u7",37,1,5,0,0
4,"u7",42,5,0,0,0
4,"u7",47,1,0,0,0
4,"u7",52,1,0,0,0
4,"u8",7,1,0,2,0
4,"u8",12,34,0,6,0
4,"u8",17,74,1,12,0
4,"u8",22,87,2,18,3
4,"u8",27,7,2,25,14
4,"u8",32,3,20,6,7
4,"u8",37,36,2,2,1
4,"u8",42,2,0,0,2
4,"u8",47,4,0,0,0
4,"u8",52,0,0,0,0
5,"u1",7,2,0,3,0
5,"u1",12,17,0,4,0
5,"u1",17,47,0,5,0
5,"u1",22,104,0,33,2
5,"u1",27,88,0,37,0
5,"u1",32,104,1,42,0
5,"u1",37,27,141,20,8
5,"u1",42,68,57,21,6
5,"u1",47,92,53,12,0
5,"u1",52,26,5,1,0
5,"u2",7,6,0,0,1
5,"u2",12,5,0,2,0
5,"u2",17,8,0,9,0
5,"u2",22,44,0,13,0
5,"u2",27,27,3,11,2
5,"u2",32,52,2,31,1
5,"u2",37,50,2,13,2
5,"u2",42,57,15,15,0
5,"u2",47,14,0,4,0
5,"u2",52,22,25,5,0
5,"u3",7,4,0,3,0
5,"u3",12,5,0,4,0
5,"u3",17,18,0,19,0
5,"u3",22,52,1,21,0
5,"u3",27,171,3,12,1
5,"u3",32,13,47,11,12
5,"u3",37,17,5,18,7
5,"u3",42,3,31,4,0
5,"u3",47,16,20,12,2
5,"u3",52,7,1,2,1
5,"u4",7,4,0,3,0
5,"u4",12,12,0,5,0
5,"u4",17,78,1,24,0
5,"u4",22,52,38,30,6
5,"u4",27,51,91,13,60
5,"u4",32,14,5,11,5
5,"u4",37,2,14,9,5
5,"u4",42,2,0,0,0
5,"u4",47,1,0,2,1
5,"u4",52,1,1,0,4
5,"u5",7,11,1,1,0
5,"u5",12,18,0,6,0
5,"u5",17,46,0,27,0
5,"u5",22,327,0,64,2
5,"u5",27,37,10,10,19
5,"u5",32,24,14,12,5
5,"u5",37,10,11,3,0
5,"u5",42,4,0,2,2
5,"u5",47,2,0,2,0
5,"u5",52,2,2,2,1
5,"u6",7,4,0,0,0
5,"u6",12,8,0,6,0
5,"u6",17,12,0,20,0
5,"u6",22,24,0,18,0
5,"u6",27,77,0,71,1
5,"u6",32,97,3,53,73
5,"u6",37,65,13,25,38
5,"u6",42,45,0,2,10
5,"u6",47,33,6,1,1
5,"u6",52,10,0,0,0
5,"u7",7,5,0,3,0
5,"u7",12,17,0,16,0
5,"u7",17,8,1,4,2
5,"u7",22,11,0,35,1
5,"u7",27,37,2,25,18
5,"u7",32,17,4,18,11
5,"u7",37,9,1,7,16
5,"u7",42,8,3,4,18
5,"u7",47,2,0,4,3
5,"u7",52,0,0,13,11
5,"u8",7,12,0,2,0
5,"u8",12,11,0,3,0
5,"u8",17,11,0,10,0
5,"u8",22,70,0,26,0
5,"u8",27,50,5,36,1
5,"u8",32,10,6,24,15
5,"u8",37,14,6,14,3
5,"u8",42,3,4,3,10
5,"u8",47,0,2,2,0
5,"u8",52,5,1,4,1
6,"u1",7,3,0,5,0
6,"u1",12,8,0,4,0
6,"u1",17,24,0,8,0
6,"u1",22,95,0,26,1
6,"u1",27,39,3,58,0
6,"u1",32,53,24,15,20
6,"u1",37,21,74,18,17
6,"u1",42,14,5,17,5
6,"u1",47,14,0,15,18
6,"u1",52,10,3,1,9
6,"u2",7,14,0,0,0
6,"u2",12,6,0,1,0
6,"u2",17,48,0,25,0
6,"u2",22,41,0,15,0
6,"u2",27,43,12,32,2
6,"u2",32,30,25,30,9
6,"u2",37,8,11,9,13
6,"u2",42,12,6,5,0
6,"u2",47,12,3,6,1
6,"u2",52,7,0,14,1
6,"u3",7,6,0,1,0
6,"u3",12,4,0,4,0
6,"u3",17,34,1,3,1
6,"u3",22,18,0,14,1
6,"u3",27,38,1,16,1
6,"u3",32,70,2,15,5
6,"u3",37,30,22,5,1
6,"u3",42,13,10,6,5
6,"u3",47,4,0,2,7
6,"u3",52,7,1,5,1
6,"u4",7,3,0,2,0
6,"u4",12,9,0,12,0
6,"u4",17,32,0,64,0
6,"u4",22,71,3,158,8
6,"u4",27,35,3,76,51
6,"u4",32,7,8,14,43
6,"u4",37,5,2,4,42
6,"u4",42,4,0,0,14
6,"u4",47,3,0,2,4
6,"u4",52,1,0,0,1
6,"u5",7,8,0,2,0
6,"u5",12,4,0,4,0
6,"u5",17,19,1,22,1
6,"u5",22,77,0,16,0
6,"u5",27,57,24,40,16
6,"u5",32,45,15,24,33
6,"u5",37,14,18,13,13
6,"u5",42,4,26,0,9
6,"u5",47,4,0,1,1
6,"u5",52,0,0,1,0
6,"u6",7,4,0,4,0
6,"u6",12,21,0,6,0
6,"u6",17,69,0,23,1
6,"u6",22,70,8,5,4
6,"u6",27,64,5,36,10
6,"u6",32,20,8,18,11
6,"u6",37,4,1,12,18
6,"u6",42,0,2,2,2
6,"u6",47,0,0,4,0
6,"u6",52,0,0,4,3
6,"u7",7,1,0,0,0
6,"u7",12,18,0,9,0
6,"u7",17,35,0,4,0
6,"u7",22,24,1,10,0
6,"u7",27,98,1,73,6
6,"u7",32,26,3,19,15
6,"u7",37,4,1,2,22
6,"u7",42,19,1,1,8
6,"u7",47,7,2,3,0
6,"u7",52,4,0,2,0
6,"u8",7,6,0,1,0
6,"u8",12,8,0,0,0
6,"u8",17,5,0,2,0
6,"u8",22,27,1,17,1
6,"u8",27,46,4,16,13
6,"u8",32,24,1,17,27
6,"u8",37,3,2,7,1
6,"u8",42,2,0,9,3
6,"u8",47,2,1,7,7
6,"u8",52,0,0,0,1
7,"u1",7,11,0,0,0
7,"u1",12,12,0,3,0
7,"u1",17,29,0,11,0
7,"u1",22,30,4,20,0
7,"u1",27,137,6,13,3
7,"u1",32,106,19,77,6
7,"u1",37,74,6,28,11
7,"u1",42,12,7,3,0
7,"u1",47,35,3,20,0
7,"u1",52,17,0,9,4
7,"u2",7,1,0,6,0
7,"u2",12,5,0,5,0
7,"u2",17,33,0,6,0
7,"u2",22,53,0,35,0
7,"u2",27,136,3,37,0
7,"u2",32,187,25,18,11
7,"u2",37,99,14,11,0
7,"u2",42,63,24,10,7
7,"u2",47,59,19,5,6
7,"u2",52,34,21,1,3
7,"u3",7,7,0,2,0
7,"u3",12,8,0,8,1
7,"u3",17,8,1,10,1
7,"u3",22,53,2,25,1
7,"u3",27,88,3,8,3
7,"u3",32,56,42,7,9
7,"u3",37,49,8,6,3
7,"u3",42,22,4,1,3
7,"u3",47,9,4,7,2
7,"u3",52,2,4,1,1
7,"u4",7,6,0,1,0
7,"u4",12,24,0,3,0
7,"u4",17,10,0,8,0
7,"u4",22,11,0,22,0
7,"u4",27,19,2,15,2
7,"u4",32,57,1,12,2
7,"u4",37,81,16,17,3
7,"u4",42,22,3,11,10
7,"u4",47,39,6,5,4
7,"u4",52,9,12,2,0
7,"u5",7,14,0,0,0
7,"u5",12,13,0,0,0
7,"u5",17,29,4,3,0
7,"u5",22,31,0,20,1
7,"u5",27,26,24,31,8
7,"u5",32,33,33,3,6
7,"u5",37,81,45,7,1
7,"u5",42,80,13,1,2
7,"u5",47,67,6,2,1
7,"u5",52,10,0,0,0
7,"u6",7,14,0,1,0
7,"u6",12,6,0,5,0
7,"u6",17,14,0,12,0
7,"u6",22,26,0,62,0
7,"u6",27,48,3,132,1
7,"u6",32,8,23,32,20
7,"u6",37,0,2,1,7
7,"u6",42,0,1,1,2
7,"u6",47,0,2,1,3
7,"u6",52,0,0,0,0
7,"u7",7,4,0,2,0
7,"u7",12,5,0,2,0
7,"u7",17,57,0,15,1
7,"u7",22,20,0,13,0
7,"u7",27,39,17,8,10
7,"u7",32,14,6,6,10
7,"u7",37,7,1,0,1
7,"u7",42,7,0,2,0
7,"u7",47,2,0,0,1
7,"u7",52,1,0,0,0
7,"u8",7,5,0,0,0
7,"u8",12,3,0,11,0
7,"u8",17,49,0,41,1
7,"u8",22,174,3,263,12
7,"u8",27,82,28,25,7
7,"u8",32,4,2,4,13
7,"u8",37,9,8,0,11
7,"u8",42,7,0,0,1
7,"u8",47,10,6,0,0
7,"u8",52,3,3,0,0
8,"u1",7,7,0,1,0
8,"u1",12,8,0,4,0
8,"u1",17,26,0,5,0
8,"u1",22,65,0,25,0
8,"u1",27,42,0,46,0
8,"u1",32,99,1,43,2
8,"u1",37,40,7,53,26
8,"u1",42,82,55,23,30
8,"u1",47,14,0,18,3
8,"u1",52,14,47,12,6
8,"u2",7,0,1,1,0
8,"u2",12,10,0,4,0
8,"u2",17,19,0,8,0
8,"u2",22,41,11,26,2
8,"u2",27,83,3,71,8
8,"u2",32,54,15,16,73
8,"u2",37,39,36,32,20
8,"u2",42,3,7,15,14
8,"u2",47,14,4,7,0
8,"u2",52,6,6,3,1
8,"u3",7,4,0,4,0
8,"u3",12,15,0,15,0
8,"u3",17,82,6,81,9
8,"u3",22,165,8,57,11
8,"u3",27,46,23,18,2
8,"u3",32,62,2,9,1
8,"u3",37,8,4,10,2
8,"u3",42,7,3,3,2
8,"u3",47,7,2,2,0
8,"u3",52,5,2,2,1
8,"u4",7,14,0,1,0
8,"u4",12,11,0,7,0
8,"u4",17,45,0,17,2
8,"u4",22,24,0,17,4
8,"u4",27,50,11,22,1
8,"u4",32,60,3,31,5
8,"u4",37,31,12,11,1
8,"u4",42,3,13,6,8
8,"u4",47,2,8,12,3
8,"u4",52,0,0,1,0
8,"u5",7,3,0,1,0
8,"u5",12,7,0,2,0
8,"u5",17,31,1,3,0
8,"u5",22,56,0,12,0
8,"u5",27,43,0,37,0
8,"u5",32,105,6,33,0
8,"u5",37,94,13,18,0
8,"u5",42,27,7,3,12
8,"u5",47,37,13,8,9
8,"u5",52,15,5,4,0
8,"u6",7,6,0,3,0
8,"u6",12,5,0,1,0
8,"u6",17,29,0,13,0
8,"u6",22,57,1,31,11
8,"u6",27,16,4,8,6
8,"u6",32,9,0,3,3
8,"u6",37,1,1,5,14
8,"u6",42,1,0,11,9
8,"u6",47,1,0,4,51
8,"u6",52,0,0,2,15
8,"u7",7,8,0,2,0
8,"u7",12,5,0,1,0
8,"u7",17,8,0,1,0
8,"u7",22,13,0,1,0
8,"u7",27,19,0,5,0
8,"u7",32,128,2,24,5
8,"u7",37,17,0,15,5
8,"u7",42,66,6,19,17
8,"u7",47,98,35,3,7
8,"u7",52,17,56,2,14
8,"u8",7,5,0,1,0
8,"u8",12,3,0,4,0
8,"u8",17,9,0,9,1
8,"u8",22,6,0,21,0
8,"u8",27,12,0,10,0
8,"u8",32,35,15,18,8
8,"u8",37,13,3,22,0
8,"u8",42,3,0,6,4
8,"u8",47,2,0,7,3
8,"u8",52,0,1,3,0
9,"u1",7,1,0,0,0
9,"u1",12,8,0,6,0
9,"u1",17,14,0,5,0
9,"u1",22,35,0,3,0
9,"u1",27,16,4,20,3
9,"u1",32,74,4,17,3
9,"u1",37,49,20,13,2
9,"u1",42,13,6,12,6
9,"u1",47,26,1,1,0
9,"u1",52,11,1,2,0
9,"u2",7,1,0,2,0
9,"u2",12,2,0,4,0
9,"u2",17,12,0,6,0
9,"u2",22,20,0,14,0
9,"u2",27,53,0,10,1
9,"u2",32,45,16,20,3
9,"u2",37,49,3,33,10
9,"u2",42,68,7,13,15
9,"u2",47,15,13,10,3
9,"u2",52,45,5,15,8
9,"u3",7,4,0,3,0
9,"u3",12,7,2,4,0
9,"u3",17,26,2,15,1
9,"u3",22,57,5,26,1
9,"u3",27,59,7,34,2
9,"u3",32,33,10,13,18
9,"u3",37,72,49,5,0
9,"u3",42,76,6,5,0
9,"u3",47,19,6,2,1
9,"u3",52,15,3,4,2
9,"u4",7,3,0,6,0
9,"u4",12,13,0,4,0
9,"u4",17,49,2,16,0
9,"u4",22,137,2,13,4
9,"u4",27,172,27,6,7
9,"u4",32,35,3,9,4
9,"u4",37,14,36,9,4
9,"u4",42,2,2,4,26
9,"u4",47,0,2,4,2
9,"u4",52,0,0,2,1
9,"u5",7,7,0,2,0
9,"u5",12,27,1,5,0
9,"u5",17,76,2,39,0
9,"u5",22,138,3,30,0
9,"u5",27,27,16,20,16
9,"u5",32,30,28,7,7
9,"u5",37,40,19,3,0
9,"u5",42,15,1,3,1
9,"u5",47,41,1,1,0
9,"u5",52,31,2,0,2
9,"u6",7,2,0,5,0
9,"u6",12,29,0,2,0
9,"u6",17,26,0,15,1
9,"u6",22,100,0,35,1
9,"u6",27,44,13,46,6
9,"u6",32,48,6,41,12
9,"u6",37,19,5,19,9
9,"u6",42,4,1,13,7
9,"u6",47,1,10,4,11
9,"u6",52,5,0,0,1
9,"u7",7,4,0,0,0
9,"u7",12,11,0,10,0
9,"u7",17,57,0,13,0
9,"u7",22,122,3,28,3
9,"u7",27,33,34,4,3
9,"u7",32,6,5,5,8
9,"u7",37,0,1,2,0
9,"u7",42,2,1,2,1
9,"u7",47,1,0,0,2
9,"u7",52,0,0,2,0
9,"u8",7,11,0,5,0
9,"u8",12,11,0,6,0
9,"u8",17,36,0,9,1
9,"u8",22,25,0,9,0
9,"u8",27,46,0,15,3
9,"u8",32,33,0,23,3
9,"u8",37,25,1,17,7
9,"u8",42,6,0,2,3
9,"u8",47,4,1,4,4
9,"u8",52,0,1,0,0
10,"u1",7,4,0,4,0
10,"u1",12,10,0,4,0
10,"u1",17,12,3,3,1
10,"u1",22,19,1,4,0
10,"u1",27,76,2,16,14
10,"u1",32,30,1,11,4
10,"u1",37,9,10,10,9
10,"u1",42,21,8,2,1
10,"u1",47,6,1,5,4
10,"u1",52,5,5,2,0
10,"u2",7,3,0,4,0
10,"u2",12,28,0,4,1
10,"u2",17,13,2,2,0
10,"u2",22,28,5,25,2
10,"u2",27,30,2,17,6
10,"u2",32,4,47,4,7
10,"u2",37,13,4,9,0
10,"u2",42,4,1,2,2
10,"u2",47,8,1,3,0
10,"u2",52,6,0,2,1
10,"u3",7,4,0,1,0
10,"u3",12,27,0,3,0
10,"u3",17,34,0,6,0
10,"u3",22,47,0,15,5
10,"u3",27,40,4,23,4
10,"u3",32,20,16,2,5
10,"u3",37,6,0,5,0
10,"u3",42,5,0,4,4
10,"u3",47,4,2,1,0
10,"u3",52,12,1,0,0
10,"u4",7,4,0,2,0
10,"u4",12,8,0,10,0
10,"u4",17,65,0,31,0
10,"u4",22,190,7,38,4
10,"u4",27,151,12,22,8
10,"u4",32,13,80,23,26
10,"u4",37,4,0,7,7
10,"u4",42,22,7,4,6
10,"u4",47,1,6,7,0
10,"u4",52,6,1,4,0
10,"u5",7,4,0,0,0
10,"u5",12,4,0,5,0
10,"u5",17,43,2,24,0
10,"u5",22,74,0,37,0
10,"u5",27,93,27,44,8
10,"u5",32,43,8,12,7
10,"u5",37,79,11,1,0
10,"u5",42,38,0,3,0
10,"u5",47,13,0,1,1
10,"u5",52,9,6,1,0
10,"u6",7,5,0,2,0
10,"u6",12,2,0,2,0
10,"u6",17,31,0,8,0
10,"u6",22,33,1,6,0
10,"u6",27,37,0,5,0
10,"u6",32,36,7,26,5
10,"u6",37,54,4,8,3
10,"u6",42,25,5,3,6
10,"u6",47,33,1,4,0
10,"u6",52,24,3,3,2
10,"u7",7,8,0,2,0
10,"u7",12,58,0,1,0
10,"u7",17,37,5,8,0
10,"u7",22,47,12,13,4
10,"u7",27,100,29,6,5
10,"u7",32,8,0,3,10
10,"u7",37,4,4,0,2
10,"u7",42,2,3,0,1
10,"u7",47,0,1,1,1
10,"u7",52,0,0,0,0
10,"u8",7,6,0,2,0
10,"u8",12,31,0,5,0
10,"u8",17,29,1,8,1
10,"u8",22,34,7,31,1
10,"u8",27,47,10,25,2
10,"u8",32,20,1,3,3
10,"u8",37,7,8,0,1
10,"u8",42,7,5,0,4
10,"u8",47,2,0,0,0
10,"u8",52,0,0,0,0
11,"u1",7,4,0,3,0
11,"u1",12,10,0,9,0
11,"u1",17,31,0,26,0
11,"u1",22,77,1,33,1
11,"u1",27,65,4,31,0
11,"u1",32,75,0,33,0
11,"u1",37,39,31,22,10
11,"u1",42,12,8,26,2
11,"u1",47,11,14,18,0
11,"u1",52,21,6,6,1
11,"u2",7,6,0,1,0
11,"u2",12,7,0,8,0
11,"u2",17,53,1,33,1
11,"u2",22,28,10,100,11
11,"u2",27,78,9,15,23
11,"u2",32,33,5,20,74
11,"u2",37,4,6,24,27
11,"u2",42,4,1,37,11
11,"u2",47,1,3,7,32
11,"u2",52,1,0,2,9
11,"u3",7,8,0,2,0
11,"u3",12,21,1,8,1
11,"u3",17,112,8,32,1
11,"u3",22,22,3,101,30
11,"u3",27,30,41,119,103
11,"u3",32,5,5,24,4
11,"u3",37,2,12,21,35
11,"u3",42,0,1,3,8
11,"u3",47,0,0,0,2
11,"u3",52,0,0,1,3
11,"u4",7,5,0,1,0
11,"u4",12,11,0,2,0
11,"u4",17,58,1,18,0
11,"u4",22,56,8,44,1
11,"u4",27,58,17,32,9
11,"u4",32,64,6,14,28
11,"u4",37,9,49,5,1
11,"u4",42,11,3,9,0
11,"u4",47,1,0,3,0
11,"u4",52,2,2,3,12
11,"u5",7,7,0,1,0
11,"u5",12,2,0,9,1
11,"u5",17,23,0,8,2
11,"u5",22,10,6,34,3
11,"u5",27,18,3,66,9
11,"u5",32,11,1,20,0
11,"u5",37,5,4,2,32
11,"u5",42,2,0,1,5
11,"u5",47,0,0,0,1
11,"u5",52,0,0,0,0
11,"u6",7,6,0,1,0
11,"u6",12,24,0,7,0
11,"u6",17,106,0,48,5
11,"u6",22,56,2,129,29
11,"u6",27,43,35,14,20
11,"u6",32,41,57,2,6
11,"u6",37,6,10,1,0
11,"u6",42,1,1,0,1
11,"u6",47,2,0,0,0
11,"u6",52,5,0,0,0
11,"u7",7,4,0,0,0
11,"u7",12,15,0,6,0
11,"u7",17,25,1,18,0
11,"u7",22,72,3,18,0
11,"u7",27,26,11,42,30
11,"u7",32,20,17,16,29
11,"u7",37,1,0,8,18
11,"u7",42,0,0,7,1
11,"u7",47,0,0,1,16
11,"u7",52,0,0,14,10
11,"u8",7,6,0,5,0
11,"u8",12,5,1,7,0
11,"u8",17,29,1,6,0
11,"u8",22,42,0,14,0
11,"u8",27,31,10,3,5
11,"u8",32,3,3,8,3
11,"u8",37,6,5,1,3
11,"u8",42,7,2,2,2
11,"u8",47,0,1,0,9
11,"u8",52,1,0,2,0
12,"u1",7,16,0,2,0
12,"u1",12,20,0,28,0
12,"u1",17,13,4,155,1
12,"u1",22,109,1,202,5
12,"u1",27,69,1,60,39
12,"u1",32,22,3,78,25
12,"u1",37,7,15,32,7
12,"u1",42,2,0,23,14
12,"u1",47,1,1,2,9
12,"u1",52,0,0,3,2
12,"u2",7,5,0,3,0
12,"u2",12,6,0,3,0
12,"u2",17,53,0,14,0
12,"u2",22,10,0,15,1
12,"u2",27,53,6,10,5
12,"u2",32,20,10,13,4
12,"u2",37,102,0,3,2
12,"u2",42,28,5,12,1
12,"u2",47,5,2,2,2
12,"u2",52,1,20,0,1
12,"u3",7,1,0,1,0
12,"u3",12,2,0,1,0
12,"u3",17,18,1,8,0
12,"u3",22,17,10,4,0
12,"u3",27,25,1,9,1
12,"u3",32,17,2,22,3
12,"u3",37,44,3,9,2
12,"u3",42,50,13,13,5
12,"u3",47,24,6,2,3
12,"u3",52,26,11,7,2
12,"u4",7,12,0,2,0
12,"u4",12,23,0,6,0
12,"u4",17,33,0,3,0
12,"u4",22,33,1,6,0
12,"u4",27,20,1,20,0
12,"u4",32,53,42,8,14
12,"u4",37,13,22,4,0
12,"u4",42,11,9,0,6
12,"u4",47,5,3,0,0
12,"u4",52,15,4,1,0
12,"u5",7,2,0,2,0
12,"u5",12,32,0,8,0
12,"u5",17,56,0,15,0
12,"u5",22,81,14,22,0
12,"u5",27,116,37,16,6
12,"u5",32,216,8,7,0
12,"u5",37,103,112,2,0
12,"u5",42,117,7,1,0
12,"u5",47,75,46,0,0
12,"u5",52,18,11,0,1
12,"u6",7,3,0,2,0
12,"u6",12,20,0,3,0
12,"u6",17,6,0,1,0
12,"u6",22,18,0,9,0
12,"u6",27,16,0,28,0
12,"u6",32,21,3,14,0
12,"u6",37,15,13,22,6
12,"u6",42,10,3,18,18
12,"u6",47,2,4,3,3
12,"u6",52,2,3,1,7
12,"u7",7,5,0,4,0
12,"u7",12,13,0,3,0
12,"u7",17,20,0,5,0
12,"u7",22,22,0,37,0
12,"u7",27,86,4,32,4
12,"u7",32,26,22,32,13
12,"u7",37,9,11,2,16
12,"u7",42,10,0,2,1
12,"u7",47,8,0,4,2
12,"u7",52,2,0,3,0
12,"u8",7,8,0,1,0
12,"u8",12,15,0,5,0
12,"u8",17,12,3,7,0
12,"u8",22,46,0,21,2
12,"u8",27,38,2,35,4
12,"u8",32,8,2,3,3
12,"u8",37,3,5,5,17
12,"u8",42,4,0,1,6
12,"u8",47,9,1,2,5
12,"u8",52,8,0,0,4
13,"u1",7,2,0,1,0
13,"u1",12,5,1,7,0
13,"u1",17,56,0,12,0
13,"u1",22,54,2,46,0
13,"u1",27,102,13,79,6
13,"u1",32,84,13,101,39
13,"u1",37,57,23,74,6
13,"u1",42,11,1,76,15
13,"u1",47,13,40,30,31
13,"u1",52,1,0,22,10
13,"u2",7,0,0,2,0
13,"u2",12,24,0,8,0
13,"u2",17,5,0,3,0
13,"u2",22,66,0,24,3
13,"u2",27,46,18,35,37
13,"u2",32,91,14,108,32
13,"u2",37,17,44,24,14
13,"u2",42,4,6,3,33
13,"u2",47,1,0,1,8
13,"u2",52,4,0,0,2
13,"u3",7,6,1,2,0
13,"u3",12,29,3,8,0
13,"u3",17,25,2,7,0
13,"u3",22,74,4,43,0
13,"u3",27,43,2,27,13
13,"u3",32,41,20,5,2
13,"u3",37,16,44,3,9
13,"u3",42,8,5,2,2
13,"u3",47,2,5,2,0
13,"u3",52,6,2,0,1
13,"u4",7,5,0,2,0
13,"u4",12,9,0,2,0
13,"u4",17,10,1,11,0
13,"u4",22,30,0,29,1
13,"u4",27,21,0,41,2
13,"u4",32,6,9,15,11
13,"u4",37,3,2,4,2
13,"u4",42,2,0,2,4
13,"u4",47,2,2,9,1
13,"u4",52,9,1,6,1
13,"u5",7,6,0,1,0
13,"u5",12,2,0,5,0
13,"u5",17,38,0,16,0
13,"u5",22,24,3,7,1
13,"u5",27,55,2,12,7
13,"u5",32,7,39,3,0
13,"u5",37,27,9,10,3
13,"u5",42,33,9,3,4
13,"u5",47,16,8,0,0
13,"u5",52,6,6,1,0
13,"u6",7,4,0,0,0
13,"u6",12,7,0,0,0
13,"u6",17,7,0,4,0
13,"u6",22,35,0,34,0
13,"u6",27,65,4,44,2
13,"u6",32,128,8,26,1
13,"u6",37,65,58,4,4
13,"u6",42,60,10,3,3
13,"u6",47,14,17,2,1
13,"u6",52,13,10,2,1
13,"u7",7,1,0,0,0
13,"u7",12,29,1,6,0
13,"u7",17,46,0,54,1
13,"u7",22,67,10,11,5
13,"u7",27,66,4,11,14
13,"u7",32,2,1,4,24
13,"u7",37,8,0,6,11
13,"u7",42,5,0,3,0
13,"u7",47,6,2,2,5
13,"u7",52,1,2,0,2
13,"u8",7,4,0,0,0
13,"u8",12,10,0,1,0
13,"u8",17,60,0,5,0
13,"u8",22,48,0,15,1
13,"u8",27,127,0,35,9
13,"u8",32,13,1,11,9
13,"u8",37,12,4,0,1
13,"u8",42,6,0,1,2
13,"u8",47,2,0,1,0
13,"u8",52,0,0,1,1
14,"u1",7,3,0,1,0
14,"u1",12,9,0,10,0
14,"u1",17,31,0,37,0
14,"u1",22,58,4,51,0
14,"u1",27,88,19,67,3
14,"u1",32,48,32,10,3
14,"u1",37,23,0,17,20
14,"u1",42,7,4,5,0
14,"u1",47,7,1,7,1
14,"u1",52,1,1,0,0
14,"u2",7,5,0,4,0
14,"u2",12,9,0,2,0
14,"u2",17,34,0,4,0
14,"u2",22,27,1,8,0
14,"u2",27,62,1,10,0
14,"u2",32,102,11,25,3
14,"u2",37,50,25,11,9
14,"u2",42,12,7,22,5
14,"u2",47,53,16,9,0
14,"u2",52,8,6,7,6
14,"u3",7,6,0,0,0
14,"u3",12,19,1,4,0
14,"u3",17,2,0,17,0
14,"u3",22,62,0,18,1
14,"u3",27,57,7,102,20
14,"u3",32,23,5,145,28
14,"u3",37,12,0,11,200
14,"u3",42,1,12,4,25
14,"u3",47,6,0,5,6
14,"u3",52,3,7,5,4
14,"u4",7,8,0,1,0
14,"u4",12,18,1,3,0
14,"u4",17,26,0,19,0
14,"u4",22,73,6,8,1
14,"u4",27,91,20,33,17
14,"u4",32,145,49,52,22
14,"u4",37,44,13,23,3
14,"u4",42,17,7,5,3
14,"u4",47,5,1,2,0
14,"u4",52,7,4,1,0
14,"u5",7,4,0,0,0
14,"u5",12,2,0,6,0
14,"u5",17,26,0,12,0
14,"u5",22,99,0,17,0
14,"u5",27,56,10,17,0
14,"u5",32,98,24,4,4
14,"u5",37,47,4,4,6
14,"u5",42,9,6,2,1
14,"u5",47,1,1,0,2
14,"u5",52,1,0,0,1
14,"u6",7,13,0,1,0
14,"u6",12,23,0,15,0
14,"u6",17,9,1,29,0
14,"u6",22,61,2,46,0
14,"u6",27,23,22,53,8
14,"u6",32,2,3,1,28
14,"u6",37,1,0,9,27
14,"u6",42,0,0,1,13
14,"u6",47,0,0,1,0
14,"u6",52,0,0,0,1
14,"u7",7,2,0,5,0
14,"u7",12,23,1,4,0
14,"u7",17,63,0,24,0
14,"u7",22,28,7,45,5
14,"u7",27,54,47,32,28
14,"u7",32,1,23,13,14
14,"u7",37,2,3,1,8
14,"u7",42,2,0,10,2
14,"u7",47,1,3,5,4
14,"u7",52,2,0,1,3
14,"u8",7,1,0,1,0
14,"u8",12,9,0,5,0
14,"u8",17,9,1,4,0
14,"u8",22,22,0,8,0
14,"u8",27,39,2,26,2
14,"u8",32,35,0,49,9
14,"u8",37,28,4,11,1
14,"u8",42,2,0,2,2
14,"u8",47,4,0,1,1
14,"u8",52,1,0,0,0
15,"u1",7,5,0,0,0
15,"u1",12,2,0,1,0
15,"u1",17,12,6,5,0
15,"u1",22,22,0,6,0
15,"u1",27,34,6,5,0
15,"u1",32,39,8,11,1
15,"u1",37,79,5,7,1
15,"u1",42,43,24,9,1
15,"u1",47,36,15,22,0
15,"u1",52,28,7,9,1
15,"u2",7,5,0,4,0
15,"u2",12,0,0,7,0
15,"u2",17,8,0,16,0
15,"u2",22,67,1,112,0
15,"u2",27,123,9,148,44
15,"u2",32,43,133,35,63
15,"u2",37,6,61,10,33
15,"u2",42,1,6,21,16
15,"u2",47,0,3,15,18
15,"u2",52,2,0,3,32
15,"u3",7,6,0,2,0
15,"u3",12,16,1,6,0
15,"u3",17,100,1,16,5
15,"u3",22,45,4,21,1
15,"u3",27,115,29,6,11
15,"u3",32,58,0,12,0
15,"u3",37,49,16,0,1
15,"u3",42,6,3,7,0
15,"u3",47,15,5,10,0
15,"u3",52,7,1,1,3
15,"u4",7,7,0,0,0
15,"u4",12,7,0,2,0
15,"u4",17,34,0,8,0
15,"u4",22,15,2,6,0
15,"u4",27,42,0,22,0
15,"u4",32,73,6,20,0
15,"u4",37,84,3,34,4
15,"u4",42,27,3,36,2
15,"u4",47,18,2,9,2
15,"u4",52,21,4,2,2
15,"u5",7,4,0,0,0
15,"u5",12,12,0,2,0
15,"u5",17,27,1,7,0
15,"u5",22,25,2,29,0
15,"u5",27,18,6,93,4
15,"u5",32,45,15,26,12
15,"u5",37,22,21,29,6
15,"u5",42,2,0,17,13
15,"u5",47,2,0,0,2
15,"u5",52,0,0,0,9
15,"u6",7,5,0,0,0
15,"u6",12,13,0,2,0
15,"u6",17,16,1,4,2
15,"u6",22,29,6,10,0
15,"u6",27,7,6,18,3
15,"u6",32,6,7,13,12
15,"u6",37,3,0,8,10
15,"u6",42,0,2,29,16
15,"u6",47,1,0,4,1
15,"u6",52,0,1,2,5
15,"u7",7,4,0,1,0
15,"u7",12,34,0,3,0
15,"u7",17,99,0,6,1
15,"u7",22,45,39,9,0
15,"u7",27,7,5,6,0
15,"u7",32,13,0,0,1
15,"u7",37,6,1,2,3
15,"u7",42,16,9,5,2
15,"u7",47,6,1,1,0
15,"u7",52,0,1,0,2
15,"u8",7,4,0,1,0
15,"u8",12,23,0,8,0
15,"u8",17,51,0,12,0
15,"u8",22,35,0,62,2
15,"u8",27,103,6,14,2
15,"u8",32,54,3,11,5
15,"u8",37,19,10,3,1
15,"u8",42,3,3,1,0
15,"u8",47,7,1,4,3
15,"u8",52,0,0,1,0
16,"u1",7,12,0,1,0
16,"u1",12,54,0,10,0
16,"u1",17,130,0,14,0
16,"u1",22,261,3,20,0
16,"u1",27,419,2,19,0
16,"u1",32,283,40,58,5
16,"u1",37,235,6,4,0
16,"u1",42,78,133,3,3
16,"u1",47,39,41,4,1
16,"u1",52,54,2,3,1
16,"u2",7,3,0,2,0
16,"u2",12,9,0,1,0
16,"u2",17,23,1,8,0
16,"u2",22,20,0,16,0
16,"u2",27,42,0,51,0
16,"u2",32,112,10,37,34
16,"u2",37,74,20,23,17
16,"u2",42,11,53,25,47
16,"u2",47,14,16,14,14
16,"u2",52,9,0,12,1
16,"u3",7,13,0,1,0
16,"u3",12,30,0,0,0
16,"u3",17,15,0,2,0
16,"u3",22,23,0,8,0
16,"u3",27,63,4,12,0
16,"u3",32,23,11,6,2
16,"u3",37,40,21,11,1
16,"u3",42,17,10,15,3
16,"u3",47,27,18,2,3
16,"u3",52,22,3,3,1
16,"u4",7,5,0,1,0
16,"u4",12,7,0,2,0
16,"u4",17,28,0,12,0
16,"u4",22,35,2,28,0
16,"u4",27,45,8,107,10
16,"u4",32,106,82,54,4
16,"u4",37,54,19,25,59
16,"u4",42,24,3,3,2
16,"u4",47,14,0,4,2
16,"u4",52,30,2,4,2
16,"u5",7,12,0,3,0
16,"u5",12,13,0,8,0
16,"u5",17,50,1,16,2
16,"u5",22,57,1,29,2
16,"u5",27,31,50,17,8
16,"u5",32,20,2,13,2
16,"u5",37,23,1,20,13
16,"u5",42,9,2,7,2
16,"u5",47,8,1,11,4
16,"u5",52,13,0,0,1
16,"u6",7,2,0,1,0
16,"u6",12,22,0,3,0
16,"u6",17,14,1,9,0
16,"u6",22,18,1,27,1
16,"u6",27,128,1,36,2
16,"u6",32,33,48,13,35
16,"u6",37,6,8,1,25
16,"u6",42,2,0,1,5
16,"u6",47,5,3,2,2
16,"u6",52,3,1,1,3
16,"u7",7,3,0,1,0
16,"u7",12,5,0,5,0
16,"u7",17,74,0,31,2
16,"u7",22,25,10,41,5
16,"u7",27,30,9,40,13
16,"u7",32,3,5,42,83
16,"u7",37,6,0,3,13
16,"u7",42,0,0,6,8
16,"u7",47,1,0,2,1
16,"u7",52,1,0,0,1
16,"u8",7,5,0,0,0
16,"u8",12,88,2,8,0
16,"u8",17,98,0,20,12
16,"u8",22,82,0,7,5
16,"u8",27,71,10,4,5
16,"u8",32,20,3,4,2
16,"u8",37,31,5,2,1
16,"u8",42,20,6,0,1
16,"u8",47,10,2,3,0
16,"u8",52,1,1,1,0
17,"u1",7,5,0,2,0
17,"u1",12,9,0,3,0
17,"u1",17,77,2,30,0
17,"u1",22,12,2,166,2
17,"u1",27,190,6,33,9
17,"u1",32,21,4,60,84
17,"u1",37,9,14,52,26
17,"u1",42,1,16,28,9
17,"u1",47,1,0,9,3
17,"u1",52,1,2,8,2
17,"u2",7,7,0,2,0
17,"u2",12,5,0,1,0
17,"u2",17,17,0,8,0
17,"u2",22,10,1,6,1
17,"u2",27,67,0,10,6
17,"u2",32,78,5,30,1
17,"u2",37,10,9,10,12
17,"u2",42,4,7,43,1
17,"u2",47,5,6,12,1
17,"u2",52,1,1,10,2
17,"u3",7,6,0,2,0
17,"u3",12,5,0,3,0
17,"u3",17,74,0,15,1
17,"u3",22,55,1,99,3
17,"u3",27,173,7,52,13
17,"u3",32,145,10,17,5
17,"u3",37,103,5,2,6
17,"u3",42,61,21,6,3
17,"u3",47,29,16,7,5
17,"u3",52,8,0,1,0
17,"u4",7,6,0,0,0
17,"u4",12,28,0,0,0
17,"u4",17,22,0,9,0
17,"u4",22,52,0,34,0
17,"u4",27,53,5,46,3
17,"u4",32,59,3,46,5
17,"u4",37,23,0,9,16
17,"u4",42,12,1,22,5
17,"u4",47,0,0,1,0
17,"u4",52,0,4,1,0
17,"u5",7,5,0,2,0
17,"u5",12,6,0,4,0
17,"u5",17,12,0,12,0
17,"u5",22,8,0,24,2
17,"u5",27,63,1,69,5
17,"u5",32,88,7,44,10
17,"u5",37,23,2,13,8
17,"u5",42,14,1,2,1
17,"u5",47,3,0,4,1
17,"u5",52,4,1,2,0
17,"u6",7,11,0,0,0
17,"u6",12,19,0,7,0
17,"u6",17,140,1,13,1
17,"u6",22,138,0,16,1
17,"u6",27,64,18,4,6
17,"u6",32,20,3,13,3
17,"u6",37,11,3,1,1
17,"u6",42,9,1,0,0
17,"u6",47,8,1,2,0
17,"u6",52,0,0,0,2
17,"u7",7,5,0,2,0
17,"u7",12,33,2,1,0
17,"u7",17,16,0,7,1
17,"u7",22,109,4,9,1
17,"u7",27,19,1,17,3
17,"u7",32,24,2,22,4
17,"u7",37,21,0,2,0
17,"u7",42,5,3,7,5
17,"u7",47,10,2,6,13
17,"u7",52,13,1,4,1
17,"u8",7,5,0,3,0
17,"u8",12,8,0,4,0
17,"u8",17,28,0,9,0
17,"u8",22,29,0,9,0
17,"u8",27,21,0,32,2
17,"u8",32,17,5,27,8
17,"u8",37,18,11,10,15
17,"u8",42,29,11,3,17
17,"u8",47,2,0,0,1
17,"u8",52,0,0,0,1
18,"u1",7,8,1,2,0
18,"u1",12,14,0,5,0
18,"u1",17,22,1,4,0
18,"u1",22,17,2,22,0
18,"u1",27,72,2,100,3
18,"u1",32,53,14,44,2
18,"u1",37,71,73,56,14
18,"u1",42,30,6,15,18
18,"u1",47,27,4,15,14
18,"u1",52,11,10,9,10
18,"u2",7,2,0,0,0
18,"u2",12,10,0,0,0
18,"u2",17,7,1,6,0
18,"u2",22,28,1,17,0
18,"u2",27,46,0,46,0
18,"u2",32,56,12,67,7
18,"u2",37,49,195,21,6
18,"u2",42,312,94,9,7
18,"u2",47,130,30,12,1
18,"u2",52,105,40,4,0
18,"u3",7,8,0,0,0
18,"u3",12,2,0,5,0
18,"u3",17,23,1,8,0
18,"u3",22,42,0,10,0
18,"u3",27,83,18,28,5
18,"u3",32,101,16,20,2
18,"u3",37,96,11,4,2
18,"u3",42,103,3,1,3
18,"u3",47,122,11,2,1
18,"u3",52,98,45,6,0
18,"u4",7,2,0,1,0
18,"u4",12,5,0,5,0
18,"u4",17,25,0,8,0
18,"u4",22,38,2,5,0
18,"u4",27,35,1,17,1
18,"u4",32,141,7,14,0
18,"u4",37,31,4,2,0
18,"u4",42,102,11,3,7
18,"u4",47,15,7,3,1
18,"u4",52,29,0,1,0
18,"u5",7,7,0,0,0
18,"u5",12,18,0,5,0
18,"u5",17,29,0,27,0
18,"u5",22,35,2,24,0
18,"u5",27,126,3,17,5
18,"u5",32,79,15,45,20
18,"u5",37,51,19,10,28
18,"u5",42,37,11,5,21
18,"u5",47,36,4,0,3
18,"u5",52,69,0,5,1
18,"u6",7,1,1,0,0
18,"u6",12,12,0,4,0
18,"u6",17,8,0,18,1
18,"u6",22,6,0,31,0
18,"u6",27,65,7,15,0
18,"u6",32,44,24,20,2
18,"u6",37,0,11,0,34
18,"u6",42,5,14,2,8
18,"u6",47,10,3,0,0
18,"u6",52,0,3,0,0
18,"u7",7,0,0,1,0
18,"u7",12,13,0,6,0
18,"u7",17,16,0,11,0
18,"u7",22,35,0,47,0
18,"u7",27,56,11,23,14
18,"u7",32,57,16,13,11
18,"u7",37,4,1,5,18
18,"u7",42,14,4,3,19
18,"u7",47,1,0,2,1
18,"u7",52,3,0,2,0
18,"u8",7,1,0,1,0
18,"u8",12,6,0,2,0
18,"u8",17,19,0,2,0
18,"u8",22,12,0,6,0
18,"u8",27,15,0,7,0
18,"u8",32,35,5,6,0
18,"u8",37,97,13,9,5
18,"u8",42,26,5,1,4
18,"u8",47,25,3,1,0
18,"u8",52,6,0,0,0
19,"u1",7,2,0,2,0
19,"u1",12,8,0,5,0
19,"u1",17,37,0,12,0
19,"u1",22,41,3,1,1
19,"u1",27,96,15,13,3
19,"u1",32,84,24,29,3
19,"u1",37,154,34,26,1
19,"u1",42,44,10,13,5
19,"u1",47,40,6,4,1
19,"u1",52,67,11,3,1
19,"u2",7,2,0,1,0
19,"u2",12,14,0,9,0
19,"u2",17,37,0,6,0
19,"u2",22,29,0,13,0
19,"u2",27,38,0,33,2
19,"u2",32,30,4,61,3
19,"u2",37,13,0,52,33
19,"u2",42,3,13,50,6
19,"u2",47,2,12,71,83
19,"u2",52,0,5,12,145
19,"u3",7,3,0,2,0
19,"u3",12,6,1,1,0
19,"u3",17,15,0,10,0
19,"u3",22,45,0,12,0
19,"u3",27,35,2,25,1
19,"u3",32,71,1,40,9
19,"u3",37,51,1,19,3
19,"u3",42,23,7,9,3
19,"u3",47,10,18,5,1
19,"u3",52,3,2,2,0
19,"u4",7,4,0,1,0
19,"u4",12,18,0,9,0
19,"u4",17,35,0,52,0
19,"u4",22,30,3,45,1
19,"u4",27,28,9,21,11
19,"u4",32,6,4,17,8
19,"u4",37,10,1,8,4
19,"u4",42,3,4,2,7
19,"u4",47,4,1,1,2
19,"u4",52,0,1,1,8
19,"u5",7,3,0,0,0
19,"u5",12,7,0,4,0
19,"u5",17,16,2,11,1
19,"u5",22,25,16,7,3
19,"u5",27,21,12,17,17
19,"u5",32,22,6,8,7
19,"u5",37,14,4,8,1
19,"u5",42,9,4,10,9
19,"u5",47,2,2,3,2
19,"u5",52,0,0,3,1
19,"u6",7,8,0,2,0
19,"u6",12,26,0,7,0
19,"u6",17,66,0,31,0
19,"u6",22,28,1,54,4
19,"u6",27,85,3,41,36
19,"u6",32,43,2,28,5
19,"u6",37,26,12,9,14
19,"u6",42,0,20,1,9
19,"u6",47,0,0,1,2
19,"u6",52,0,2,0,4
19,"u7",7,5,0,2,0
19,"u7",12,15,0,6,0
19,"u7",17,26,0,19,0
19,"u7",22,28,1,37,0
19,"u7",27,124,2,44,25
19,"u7",32,50,5,21,80
19,"u7",37,28,6,5,13
19,"u7",42,122,14,6,10
19,"u7",47,52,111,0,3
19,"u7",52,32,1,1,0
19,"u8",7,3,0,0,0
19,"u8",12,7,0,2,0
19,"u8",17,22,0,13,0
19,"u8",22,27,0,22,1
19,"u8",27,20,1,13,3
19,"u8",32,3,11,31,7
19,"u8",37,3,2,3,10
19,"u8",42,0,0,3,1
19,"u8",47,0,0,2,4
19,"u8",52,0,1,0,0
20,"u1",7,3,0,1,0
20,"u1",12,16,0,3,0
20,"u1",17,60,1,18,0
20,"u1",22,105,12,21,1
20,"u1",27,39,0,15,2
20,"u1",32,6,12,12,3
20,"u1",37,53,31,21,22
20,"u1",42,12,18,4,0
20,"u1",47,12,10,12,9
20,"u1",52,9,2,3,2
20,"u2",7,2,0,0,0
20,"u2",12,7,2,4,0
20,"u2",17,32,0,5,0
20,"u2",22,109,4,30,0
20,"u2",27,50,15,28,18
20,"u2",32,58,21,38,44
20,"u2",37,24,3,19,20
20,"u2",42,5,0,2,1
20,"u2",47,15,0,12,1
20,"u2",52,9,4,4,6
20,"u3",7,9,0,2,0
20,"u3",12,33,0,3,0
20,"u3",17,58,1,7,0
20,"u3",22,53,3,14,0
20,"u3",27,131,19,8,3
20,"u3",32,106,14,28,17
20,"u3",37,75,21,18,17
20,"u3",42,42,71,7,1
20,"u3",47,32,28,3,1
20,"u3",52,11,4,3,0
20,"u4",7,2,0,2,0
20,"u4",12,4,0,0,0
20,"u4",17,31,0,4,0
20,"u4",22,21,0,12,0
20,"u4",27,19,0,13,0
20,"u4",32,77,10,17,2
20,"u4",37,41,30,18,7
20,"u4",42,9,7,0,4
20,"u4",47,3,1,3,9
20,"u4",52,2,3,4,2
20,"u5",7,2,0,4,0
20,"u5",12,7,0,4,0
20,"u5",17,22,1,15,0
20,"u5",22,80,0,11,0
20,"u5",27,71,5,17,0
20,"u5",32,38,11,8,1
20,"u5",37,27,31,15,12
20,"u5",42,46,9,4,1
20,"u5",47,20,4,12,2
20,"u5",52,19,1,7,4
20,"u6",7,5,0,0,0
20,"u6",12,6,0,5,0
20,"u6",17,10,2,0,0
20,"u6",22,26,0,22,1
20,"u6",27,6,4,9,4
20,"u6",32,12,2,11,0
20,"u6",37,19,2,5,12
20,"u6",42,2,3,3,5
20,"u6",47,2,1,2,3
20,"u6",52,16,3,1,0
20,"u7",7,0,0,3,0
20,"u7",12,37,0,5,0
20,"u7",17,34,0,26,0
20,"u7",22,95,2,28,0
20,"u7",27,64,16,21,1
20,"u7",32,18,6,12,17
20,"u7",37,10,2,2,12
20,"u7",42,3,1,0,0
20,"u7",47,1,0,1,0
20,"u7",52,0,0,1,0
20,"u8",7,3,0,1,0
20,"u8",12,4,0,0,0
20,"u8",17,19,0,7,0
20,"u8",22,14,0,27,0
20,"u8",27,90,1,68,3
20,"u8",32,21,0,33,3
20,"u8",37,4,1,9,1
20,"u8",42,6,18,15,7
20,"u8",47,1,2,25,7
20,"u8",52,0,0,3,18
21,"u1",7,4,1,0,0
21,"u1",12,5,0,5,0
21,"u1",17,4,0,6,0
21,"u1",22,71,0,31,0
21,"u1",27,104,2,69,0
21,"u1",32,89,0,53,6
21,"u1",37,81,36,29,30
21,"u1",42,26,8,40,18
21,"u1",47,38,2,12,20
21,"u1",52,16,10,6,3
21,"u2",7,1,0,1,0
21,"u2",12,1,0,1,0
21,"u2",17,8,5,3,1
21,"u2",22,8,2,0,1
21,"u2",27,1,2,1,1
21,"u2",32,3,5,3,0
21,"u2",37,2,1,2,0
21,"u2",42,2,2,1,0
21,"u2",47,1,0,0,3
21,"u2",52,2,0,4,0
21,"u3",7,5,0,5,0
21,"u3",12,61,0,12,1
21,"u3",17,57,0,10,0
21,"u3",22,383,38,108,9
21,"u3",27,64,83,10,8
21,"u3",32,32,39,12,1
21,"u3",37,104,63,7,2
21,"u3",42,180,9,1,2
21,"u3",47,25,4,1,1
21,"u3",52,14,15,0,0
21,"u4",7,12,0,0,0
21,"u4",12,11,0,13,0
21,"u4",17,37,3,17,2
21,"u4",22,142,60,66,10
21,"u4",27,57,5,62,28
21,"u4",32,9,7,26,48
21,"u4",37,10,7,5,10
21,"u4",42,11,0,3,7
21,"u4",47,13,0,2,2
21,"u4",52,19,11,6,0
21,"u5",7,4,0,0,0
21,"u5",12,8,0,3,0
21,"u5",17,16,0,8,0
21,"u5",22,34,0,28,2
21,"u5",27,28,4,27,24
21,"u5",32,45,6,26,22
21,"u5",37,13,1,5,10
21,"u5",42,2,0,5,1
21,"u5",47,2,1,1,2
21,"u5",52,8,0,11,1
21,"u6",7,4,0,2,0
21,"u6",12,11,0,8,0
21,"u6",17,24,0,12,8
21,"u6",22,18,0,18,2
21,"u6",27,6,2,11,8
21,"u6",32,5,1,2,4
21,"u6",37,15,3,2,1
21,"u6",42,13,6,4,0
21,"u6",47,26,3,1,0
21,"u6",52,7,0,1,1
21,"u7",7,6,0,0,0
21,"u7",12,13,0,10,0
21,"u7",17,28,0,13,2
21,"u7",22,41,0,14,1
21,"u7",27,33,8,19,4
21,"u7",32,48,17,7,4
21,"u7",37,25,5,4,1
21,"u7",42,8,0,0,3
21,"u7",47,1,0,0,1
21,"u7",52,1,0,0,0
21,"u8",7,6,0,1,0
21,"u8",12,15,0,2,0
21,"u8",17,9,0,7,1
21,"u8",22,48,2,25,1
21,"u8",27,84,8,31,9
21,"u8",32,55,3,31,85
21,"u8",37,5,4,3,30
21,"u8",42,1,12,4,9
21,"u8",47,0,0,2,10
21,"u8",52,0,0,1,9
22,"u1",7,5,0,1,0
22,"u1",12,7,0,2,0
22,"u1",17,96,0,15,0
22,"u1",22,86,10,16,1
22,"u1",27,50,8,18,9
22,"u1",32,16,33,14,5
22,"u1",37,19,14,41,1
22,"u1",42,2,18,46,5
22,"u1",47,5,37,27,29
22,"u1",52,1,1,11,32
22,"u2",7,7,1,1,0
22,"u2",12,12,0,1,0
22,"u2",17,32,1,14,0
22,"u2",22,35,0,5,4
22,"u2",27,96,16,50,0
22,"u2",32,15,16,12,3
22,"u2",37,69,38,20,15
22,"u2",42,78,5,7,10
22,"u2",47,15,15,3,7
22,"u2",52,29,5,1,6
22,"u3",7,5,0,0,0
22,"u3",12,7,0,5,0
22,"u3",17,8,0,4,0
22,"u3",22,102,0,11,2
22,"u3",27,107,2,21,3
22,"u3",32,73,7,24,1
22,"u3",37,93,52,7,3
22,"u3",42,32,18,5,0
22,"u3",47,10,7,1,0
22,"u3",52,22,5,2,0
22,"u4",7,11,0,0,0
22,"u4",12,6,1,11,0
22,"u4",17,31,0,18,0
22,"u4",22,55,3,48,1
22,"u4",27,185,28,27,15
22,"u4",32,79,58,56,13
22,"u4",37,72,12,16,8
22,"u4",42,6,17,2,0
22,"u4",47,12,6,2,0
22,"u4",52,4,2,1,0
22,"u5",7,3,1,1,0
22,"u5",12,13,0,9,0
22,"u5",17,53,7,16,0
22,"u5",22,90,21,45,6
22,"u5",27,40,32,52,34
22,"u5",32,6,4,10,21
22,"u5",37,0,1,6,3
22,"u5",42,4,1,3,1
22,"u5",47,1,0,0,5
22,"u5",52,1,0,3,2
22,"u6",7,2,1,3,0
22,"u6",12,12,0,9,0
22,"u6",17,14,0,6,0
22,"u6",22,74,1,22,1
22,"u6",27,155,3,28,1
22,"u6",32,12,72,17,49
22,"u6",37,2,2,4,2
22,"u6",42,1,0,0,3
22,"u6",47,2,0,0,3
22,"u6",52,0,0,1,2
22,"u7",7,5,0,0,0
22,"u7",12,32,0,5,1
22,"u7",17,45,0,24,0
22,"u7",22,34,3,20,2
22,"u7",27,9,0,30,44
22,"u7",32,14,0,3,3
22,"u7",37,2,0,1,6
22,"u7",42,2,0,8,4
22,"u7",47,0,0,4,13
22,"u7",52,0,0,5,11
22,"u8",7,1,1,0,0
22,"u8",12,25,0,3,0
22,"u8",17,14,1,2,0
22,"u8",22,12,2,7,2
22,"u8",27,29,0,24,50
22,"u8",32,13,1,22,10
22,"u8",37,57,2,21,7
22,"u8",42,9,0,5,7
22,"u8",47,4,0,7,25
22,"u8",52,1,0,2,9
23,"u1",7,5,1,1,0
23,"u1",12,6,0,3,0
23,"u1",17,11,1,5,0
23,"u1",22,17,3,9,0
23,"u1",27,67,10,13,3
23,"u1",32,24,1,14,1
23,"u1",37,111,9,3,5
23,"u1",42,38,66,6,5
23,"u1",47,58,3,12,4
23,"u1",52,28,0,5,2
23,"u2",7,8,0,3,0
23,"u2",12,9,0,16,0
23,"u2",17,37,0,16,0
23,"u2",22,15,1,15,1
23,"u2",27,28,3,100,8
23,"u2",32,116,31,60,1
23,"u2",37,44,23,43,8
23,"u2",42,6,7,12,13
23,"u2",47,2,10,4,6
23,"u2",52,1,5,1,0
23,"u3",7,5,0,1,0
23,"u3",12,10,0,3,0
23,"u3",17,8,0,6,0
23,"u3",22,46,3,3,3
23,"u3",27,58,59,23,1
23,"u3",32,68,27,8,4
23,"u3",37,106,1,8,2
23,"u3",42,214,19,1,1
23,"u3",47,92,2,4,0
23,"u3",52,66,54,3,0
23,"u4",7,5,0,0,0
23,"u4",12,11,0,10,0
23,"u4",17,26,0,14,0
23,"u4",22,37,0,25,0
23,"u4",27,39,18,25,3
23,"u4",32,17,25,30,15
23,"u4",37,9,12,27,9
23,"u4",42,2,11,16,3
23,"u4",47,1,0,4,18
23,"u4",52,1,6,2,14
23,"u5",7,1,0,4,0
23,"u5",12,15,0,6,0
23,"u5",17,13,0,11,0
23,"u5",22,130,6,33,1
23,"u5",27,73,24,18,18
23,"u5",32,15,25,6,6
23,"u5",37,21,6,3,1
23,"u5",42,8,20,1,3
23,"u5",47,11,0,1,2
23,"u5",52,3,0,1,1
23,"u6",7,8,0,3,0
23,"u6",12,15,0,1,0
23,"u6",17,22,0,18,0
23,"u6",22,40,0,27,0
23,"u6",27,36,2,71,17
23,"u6",32,35,0,7,2
23,"u6",37,26,7,2,39
23,"u6",42,2,5,10,0
23,"u6",47,1,0,2,1
23,"u6",52,3,1,0,3
23,"u7",7,7,0,0,0
23,"u7",12,1,0,13,0
23,"u7",17,30,2,3,0
23,"u7",22,28,5,40,6
23,"u7",27,53,0,19,16
23,"u7",32,5,5,4,7
23,"u7",37,17,2,6,4
23,"u7",42,8,0,16,4
23,"u7",47,7,1,18,12
23,"u7",52,7,3,32,60
23,"u8",7,3,0,0,0
23,"u8",12,8,1,3,0
23,"u8",17,73,4,12,1
23,"u8",22,17,13,31,9
23,"u8",27,34,10,3,2
23,"u8",32,4,3,1,12
23,"u8",37,0,0,0,0
23,"u8",42,2,3,0,0
23,"u8",47,2,1,0,0
23,"u8",52,4,0,0,0
24,"u1",7,3,0,1,0
24,"u1",12,8,0,8,0
24,"u1",17,29,1,5,1
24,"u1",22,38,2,58,2
24,"u1",27,124,0,175,2
24,"u1",32,200,37,108,26
24,"u1",37,36,13,73,94
24,"u1",42,75,23,16,30
24,"u1",47,61,109,14,0
24,"u1",52,31,6,2,1
24,"u2",7,3,0,0,0
24,"u2",12,18,0,4,0
24,"u2",17,14,0,3,0
24,"u2",22,33,0,32,1
24,"u2",27,60,1,97,1
24,"u2",32,68,22,70,43
24,"u2",37,105,21,75,50
24,"u2",42,10,2,49,55
24,"u2",47,3,3,13,3
24,"u2",52,3,21,3,1
24,"u3",7,3,0,3,0
24,"u3",12,2,0,3,0
24,"u3",17,22,0,27,1
24,"u3",22,80,0,18,0
24,"u3",27,124,68,13,9
24,"u3",32,35,52,30,5
24,"u3",37,38,61,27,1
24,"u3",42,14,54,9,22
24,"u3",47,18,25,6,2
24,"u3",52,2,11,2,4
24,"u4",7,10,0,3,0
24,"u4",12,77,0,2,0
24,"u4",17,40,0,10,0
24,"u4",22,177,11,12,3
24,"u4",27,81,8,27,19
24,"u4",32,15,18,18,24
24,"u4",37,9,7,4,14
24,"u4",42,6,3,1,0
24,"u4",47,0,0,1,0
24,"u4",52,0,0,0,0
24,"u5",7,3,0,1,0
24,"u5",12,9,0,1,0
24,"u5",17,15,0,2,0
24,"u5",22,2,0,5,0
24,"u5",27,11,0,31,0
24,"u5",32,30,5,38,3
24,"u5",37,18,1,35,36
24,"u5",42,9,0,50,50
24,"u5",47,10,0,36,10
24,"u5",52,1,1,11,8
24,"u6",7,1,0,1,0
24,"u6",12,4,0,3,0
24,"u6",17,18,0,4,0
24,"u6",22,15,0,11,1
24,"u6",27,26,1,35,4
24,"u6",32,29,0,8,2
24,"u6",37,13,16,19,16
24,"u6",42,11,2,6,13
24,"u6",47,0,5,0,16
24,"u6",52,0,0,0,3
24,"u7",7,1,0,4,0
24,"u7",12,16,0,13,0
24,"u7",17,24,0,12,0
24,"u7",22,27,1,10,0
24,"u7",27,87,0,65,2
24,"u7",32,14,3,31,53
24,"u7",37,23,16,11,36
24,"u7",42,5,3,2,20
24,"u7",47,0,2,3,5
24,"u7",52,0,1,3,3
24,"u8",7,2,0,4,0
24,"u8",12,25,0,14,0
24,"u8",17,101,4,24,1
24,"u8",22,135,55,112,14
24,"u8",27,6,16,20,15
24,"u8",32,24,1,4,13
24,"u8",37,5,0,0,1
24,"u8",42,7,0,1,0
24,"u8",47,1,0,0,3
24,"u8",52,0,0,0,0
25,"u1",7,3,0,0,0
25,"u1",12,4,0,5,0
25,"u1",17,23,2,8,0
25,"u1",22,25,5,4,1
25,"u1",27,74,2,58,6
25,"u1",32,143,34,12,0
25,"u1",37,84,45,12,1
25,"u1",42,30,10,4,4
25,"u1",47,26,4,4,3
25,"u1",52,12,17,7,0
25,"u2",7,5,0,3,0
25,"u2",12,9,0,2,0
25,"u2",17,11,0,12,0
25,"u2",22,58,0,35,1
25,"u2",27,64,2,334,15
25,"u2",32,17,15,228,111
25,"u2",37,6,7,28,104
25,"u2",42,2,5,19,24
25,"u2",47,0,1,3,47
25,"u2",52,0,0,0,2
25,"u3",7,6,0,1,0
25,"u3",12,8,0,1,0
25,"u3",17,27,0,12,0
25,"u3",22,131,0,57,0
25,"u3",27,63,3,81,2
25,"u3",32,104,9,30,4
25,"u3",37,28,17,11,2
25,"u3",42,29,2,3,14
25,"u3",47,8,18,3,1
25,"u3",52,29,5,0,1
25,"u4",7,16,0,0,0
25,"u4",12,15,0,3,0
25,"u4",17,24,0,5,0
25,"u4",22,26,1,18,0
25,"u4",27,90,15,20,0
25,"u4",32,26,16,6,12
25,"u4",37,10,15,5,17
25,"u4",42,1,7,3,0
25,"u4",47,4,0,0,0
25,"u4",52,1,0,1,0
25,"u5",7,2,0,0,0
25,"u5",12,13,0,9,0
25,"u5",17,22,0,15,0
25,"u5",22,115,2,72,0
25,"u5",27,69,36,82,75
25,"u5",32,47,18,23,103
25,"u5",37,7,23,14,17
25,"u5",42,9,1,13,16
25,"u5",47,3,1,5,6
25,"u5",52,2,1,5,2
25,"u6",7,10,0,1,1
25,"u6",12,12,1,1,0
25,"u6",17,28,3,17,1
25,"u6",22,17,9,26,0
25,"u6",27,7,3,25,11
25,"u6",32,23,40,9,17
25,"u6",37,27,7,21,14
25,"u6",42,18,8,9,3
25,"u6",47,9,0,15,8
25,"u6",52,5,0,12,7
25,"u7",7,6,0,3,0
25,"u7",12,22,0,3,0
25,"u7",17,26,1,0,0
25,"u7",22,26,0,6,0
25,"u7",27,50,1,6,1
25,"u7",32,22,1,4,9
25,"u7",37,7,16,16,15
25,"u7",42,3,8,16,26
25,"u7",47,0,0,1,15
25,"u7",52,1,2,6,3
25,"u8",7,6,0,4,0
25,"u8",12,4,0,4,0
25,"u8",17,55,0,35,0
25,"u8",22,213,0,72,2
25,"u8",27,69,57,11,19
25,"u8",32,28,2,5,12
25,"u8",37,5,5,6,16
25,"u8",42,3,0,0,2
25,"u8",47,1,0,2,3
25,"u8",52,0,0,0,0
26,"u1",7,6,0,1,0
26,"u1",12,7,0,2,0
26,"u1",17,17,0,3,2
26,"u1",22,46,0,9,2
26,"u1",27,104,12,27,0
26,"u1",32,51,66,7,4
26,"u1",37,64,23,20,9
26,"u1",42,87,33,68,9
26,"u1",47,38,6,42,68
26,"u1",52,31,9,30,17
26,"u2",7,6,0,0,0
26,"u2",12,17,0,0,0
26,"u2",17,75,1,5,2
26,"u2",22,95,5,32,0
26,"u2",27,91,12,10,1
26,"u2",32,43,6,7,5
26,"u2",37,28,0,3,0
26,"u2",42,37,5,0,1
26,"u2",47,35,0,4,0
26,"u2",52,10,0,6,1
26,"u3",7,5,0,1,0
26,"u3",12,2,0,1,0
26,"u3",17,8,0,2,0
26,"u3",22,30,0,13,0
26,"u3",27,36,0,18,0
26,"u3",32,14,0,29,0
26,"u3",37,24,0,73,5
26,"u3",42,43,25,62,19
26,"u3",47,8,4,35,38
26,"u3",52,1,22,8,30
26,"u4",7,2,0,0,0
26,"u4",12,34,3,5,0
26,"u4",17,49,24,18,1
26,"u4",22,35,8,30,36
26,"u4",27,55,0,27,11
26,"u4",32,13,22,30,27
26,"u4",37,5,0,11,34
26,"u4",42,0,3,11,19
26,"u4",47,1,0,4,15
26,"u4",52,0,4,17,16
26,"u5",7,3,0,3,0
26,"u5",12,9,0,8,0
26,"u5",17,18,0,2,0
26,"u5",22,54,0,23,0
26,"u5",27,69,1,39,0
26,"u5",32,167,13,36,5
26,"u5",37,45,25,31,18
26,"u5",42,3,30,8,1
26,"u5",47,9,1,2,11
26,"u5",52,23,2,2,8
26,"u6",7,8,0,1,0
26,"u6",12,21,0,5,0
26,"u6",17,26,0,10,0
26,"u6",22,5,1,23,5
26,"u6",27,66,0,19,2
26,"u6",32,55,20,6,10
26,"u6",37,28,7,2,4
26,"u6",42,37,0,0,1
26,"u6",47,9,8,3,0
26,"u6",52,9,1,0,0
26,"u7",7,5,0,1,0
26,"u7",12,7,0,5,0
26,"u7",17,9,1,12,1
26,"u7",22,63,9,16,1
26,"u7",27,54,2,25,2
26,"u7",32,23,20,13,22
26,"u7",37,3,2,4,20
26,"u7",42,0,0,3,23
26,"u7",47,0,0,12,8
26,"u7",52,1,1,2,2
26,"u8",7,0,0,1,0
26,"u8",12,13,0,11,0
26,"u8",17,12,0,3,0
26,"u8",22,182,0,11,4
26,"u8",27,224,31,73,2
26,"u8",32,44,10,17,66
26,"u8",37,4,4,5,37
26,"u8",42,11,0,1,3
26,"u8",47,20,8,2,2
26,"u8",52,19,13,0,4
27,"u1",7,6,0,0,0
27,"u1",12,6,0,1,0
27,"u1",17,4,0,5,0
27,"u1",22,62,0,15,0
27,"u1",27,33,1,7,0
27,"u1",32,45,1,2,2
27,"u1",37,43,5,13,20
27,"u1",42,30,35,18,4
27,"u1",47,40,24,12,4
27,"u1",52,13,2,4,3
27,"u2",7,14,0,2,0
27,"u2",12,28,1,6,0
27,"u2",17,56,1,8,1
27,"u2",22,23,11,34,6
27,"u2",27,177,30,56,42
27,"u2",32,70,39,60,59
27,"u2",37,6,26,26,66
27,"u2",42,1,1,6,8
27,"u2",47,1,5,3,4
27,"u2",52,2,0,0,5
27,"u3",7,4,0,0,0
27,"u3",12,16,0,0,0
27,"u3",17,75,0,8,0
27,"u3",22,82,7,95,3
27,"u3",27,176,6,55,14
27,"u3",32,58,5,19,47
27,"u3",37,8,0,27,47
27,"u3",42,5,0,39,17
27,"u3",47,2,0,10,6
27,"u3",52,6,2,3,3
27,"u4",7,6,0,3,0
27,"u4",12,9,0,3,0
27,"u4",17,52,0,15,0
27,"u4",22,55,3,22,1
27,"u4",27,92,9,18,2
27,"u4",32,41,8,13,5
27,"u4",37,23,52,7,8
27,"u4",42,26,0,18,2
27,"u4",47,20,0,7,0
27,"u4",52,8,8,1,3
27,"u5",7,2,0,2,0
27,"u5",12,17,1,2,0
27,"u5",17,36,0,16,0
27,"u5",22,50,0,16,0
27,"u5",27,14,0,15,2
27,"u5",32,48,14,10,4
27,"u5",37,145,9,3,5
27,"u5",42,42,3,3,8
27,"u5",47,71,21,1,1
27,"u5",52,59,11,0,1
27,"u6",7,3,0,2,0
27,"u6",12,8,0,3,0
27,"u6",17,61,1,4,0
27,"u6",22,47,0,37,3
27,"u6",27,80,4,43,1
27,"u6",32,79,73,24,5
27,"u6",37,7,2,4,10
27,"u6",42,3,1,8,0
27,"u6",47,0,0,6,10
27,"u6",52,0,0,0,3
27,"u7",7,7,0,8,0
27,"u7",12,9,0,2,0
27,"u7",17,34,1,14,0
27,"u7",22,99,0,5,0
27,"u7",27,86,2,21,0
27,"u7",32,32,11,7,10
27,"u7",37,19,2,4,19
27,"u7",42,2,0,2,3
27,"u7",47,1,3,0,2
27,"u7",52,5,0,2,0
27,"u8",7,3,0,0,0
27,"u8",12,3,0,3,0
27,"u8",17,12,0,15,0
27,"u8",22,26,0,8,8
27,"u8",27,31,10,151,1
27,"u8",32,19,22,14,130
27,"u8",37,20,0,1,29
27,"u8",42,4,3,2,3
27,"u8",47,4,0,1,0
27,"u8",52,6,0,0,0
28,"u1",7,1,0,0,0
28,"u1",12,9,0,2,0
28,"u1",17,27,0,3,1
28,"u1",22,35,0,10,0
28,"u1",27,46,0,7,0
28,"u1",32,7,2,16,10
28,"u1",37,60,13,42,4
28,"u1",42,40,2,14,0
28,"u1",47,23,1,9,1
28,"u1",52,3,3,6,3
28,"u2",7,12,0,4,0
28,"u2",12,7,1,5,0
28,"u2",17,16,1,3,0
28,"u2",22,25,2,6,0
28,"u2",27,6,0,22,0
28,"u2",32,22,1,6,1
28,"u2",37,11,3,11,2
28,"u2",42,21,18,10,20
28,"u2",47,14,8,3,7
28,"u2",52,6,10,10,2
28,"u3",7,10,0,0,0
28,"u3",12,10,0,3,0
28,"u3",17,71,1,10,0
28,"u3",22,73,0,27,1
28,"u3",27,47,24,10,0
28,"u3",32,186,106,23,17
28,"u3",37,19,12,41,19
28,"u3",42,20,9,70,4
28,"u3",47,25,1,15,10
28,"u3",52,12,0,29,21
28,"u4",7,0,1,1,0
28,"u4",12,9,0,9,0
28,"u4",17,33,1,12,0
28,"u4",22,90,0,77,1
28,"u4",27,45,5,38,21
28,"u4",32,14,0,62,72
28,"u4",37,1,1,3,140
28,"u4",42,0,2,2,112
28,"u4",47,0,0,1,12
28,"u4",52,0,0,1,0
28,"u5",7,7,0,1,0
28,"u5",12,11,0,5,0
28,"u5",17,11,0,7,0
28,"u5",22,8,0,5,0
28,"u5",27,51,8,4,1
28,"u5",32,40,2,4,0
28,"u5",37,17,27,14,0
28,"u5",42,43,3,12,0
28,"u5",47,27,2,8,1
28,"u5",52,5,0,5,0
28,"u6",7,2,0,1,1
28,"u6",12,32,1,9,0
28,"u6",17,61,0,35,4
28,"u6",22,41,22,61,13
28,"u6",27,15,16,25,43
28,"u6",32,0,0,4,22
28,"u6",37,0,2,1,1
28,"u6",42,0,0,2,3
28,"u6",47,1,0,1,0
28,"u6",52,0,0,0,0
28,"u7",7,9,0,1,0
28,"u7",12,34,0,4,0
28,"u7",17,37,0,8,0
28,"u7",22,45,1,20,1
28,"u7",27,89,14,15,3
28,"u7",32,71,12,1,1
28,"u7",37,9,1,0,0
28,"u7",42,21,6,0,2
28,"u7",47,5,0,0,1
28,"u7",52,9,1,1,0
28,"u8",7,7,0,2,0
28,"u8",12,31,0,3,0
28,"u8",17,46,2,5,0
28,"u8",22,17,10,5,10
28,"u8",27,11,2,0,2
28,"u8",32,4,0,1,1
28,"u8",37,2,7,0,0
28,"u8",42,5,2,0,0
28,"u8",47,2,0,0,0
28,"u8",52,3,1,0,0
29,"u1",7,1,0,1,0
29,"u1",12,2,0,2,0
29,"u1",17,18,0,11,0
29,"u1",22,57,0,12,0
29,"u1",27,20,8,50,4
29,"u1",32,23,3,20,2
29,"u1",37,52,8,9,3
29,"u1",42,17,16,11,0
29,"u1",47,6,1,4,0
29,"u1",52,1,0,8,0
29,"u2",7,10,0,4,1
29,"u2",12,21,0,11,0
29,"u2",17,40,0,11,0
29,"u2",22,67,3,131,1
29,"u2",27,52,18,59,27
29,"u2",32,31,44,47,97
29,"u2",37,22,5,13,18
29,"u2",42,14,2,10,5
29,"u2",47,6,2,7,7
29,"u2",52,1,1,2,2
29,"u3",7,0,0,2,0
29,"u3",12,18,0,2,0
29,"u3",17,23,0,5,0
29,"u3",22,60,0,2,0
29,"u3",27,32,0,13,1
29,"u3",32,95,11,17,1
29,"u3",37,104,34,19,1
29,"u3",42,71,6,2,7
29,"u3",47,14,0,3,3
29,"u3",52,32,9,2,3
29,"u4",7,4,0,1,0
29,"u4",12,9,0,1,0
29,"u4",17,7,0,5,0
29,"u4",22,18,0,9,0
29,"u4",27,30,0,12,0
29,"u4",32,62,1,24,1
29,"u4",37,93,0,41,1
29,"u4",42,351,87,37,12
29,"u4",47,44,1,8,5
29,"u4",52,15,2,5,7
29,"u5",7,0,0,2,0
29,"u5",12,21,0,13,0
29,"u5",17,56,5,15,0
29,"u5",22,85,38,16,5
29,"u5",27,50,18,35,45
29,"u5",32,5,22,10,7
29,"u5",37,1,3,3,10
29,"u5",42,2,1,2,1
29,"u5",47,0,2,1,0
29,"u5",52,0,1,0,0
29,"u6",7,2,0,0,0
29,"u6",12,7,0,3,0
29,"u6",17,10,0,3,0
29,"u6",22,54,0,1,0
29,"u6",27,61,2,19,3
29,"u6",32,50,41,15,48
29,"u6",37,15,1,4,1
29,"u6",42,14,1,6,7
29,"u6",47,3,1,3,0
29,"u6",52,1,0,3,6
29,"u7",7,6,0,1,0
29,"u7",12,20,0,4,0
29,"u7",17,30,0,18,0
29,"u7",22,68,3,30,0
29,"u7",27,37,17,28,2
29,"u7",32,9,2,19,10
29,"u7",37,3,7,4,36
29,"u7",42,0,0,3,18
29,"u7",47,0,0,2,16
29,"u7",52,0,0,0,3
29,"u8",7,16,0,3,0
29,"u8",12,22,0,5,0
29,"u8",17,33,1,10,1
29,"u8",22,28,6,23,0
29,"u8",27,18,0,5,7
29,"u8",32,8,0,2,8
29,"u8",37,6,2,5,2
29,"u8",42,1,0,4,1
29,"u8",47,1,0,1,0
29,"u8",52,2,1,2,0
30,"u1",7,3,0,3,0
30,"u1",12,5,0,4,0
30,"u1",17,28,0,8,0
30,"u1",22,21,3,14,0
30,"u1",27,61,6,34,1
30,"u1",32,43,12,25,15
30,"u1",37,24,17,32,7
30,"u1",42,13,56,15,4
30,"u1",47,22,8,12,2
30,"u1",52,5,2,7,4
30,"u2",7,5,0,1,0
30,"u2",12,43,0,5,0
30,"u2",17,89,1,19,0
30,"u2",22,112,3,12,0
30,"u2",27,100,18,11,0
30,"u2",32,171,16,15,4
30,"u2",37,43,20,8,1
30,"u2",42,163,39,3,4
30,"u2",47,149,14,2,3
30,"u2",52,89,63,5,4
30,"u3",7,3,0,1,0
30,"u3",12,8,0,7,0
30,"u3",17,31,0,11,0
30,"u3",22,81,1,36,0
30,"u3",27,57,5,22,1
30,"u3",32,112,10,19,0
30,"u3",37,16,66,17,14
30,"u3",42,19,8,11,2
30,"u3",47,18,2,6,0
30,"u3",52,20,0,3,1
30,"u4",7,8,0,1,0
30,"u4",12,10,0,17,0
30,"u4",17,26,0,11,3
30,"u4",22,93,7,21,4
30,"u4",27,76,35,20,9
30,"u4",32,66,32,21,46
30,"u4",37,28,4,7,4
30,"u4",42,12,9,2,3
30,"u4",47,4,0,1,1
30,"u4",52,6,1,2,2
30,"u5",7,6,0,2,0
30,"u5",12,20,0,6,0
30,"u5",17,20,1,9,0
30,"u5",22,111,0,12,1
30,"u5",27,49,12,13,0
30,"u5",32,69,10,11,3
30,"u5",37,21,20,14,0
30,"u5",42,9,0,1,0
30,"u5",47,5,0,1,0
30,"u5",52,5,0,0,2
30,"u6",7,5,0,1,0
30,"u6",12,10,0,4,0
30,"u6",17,16,0,8,1
30,"u6",22,71,0,21,0
30,"u6",27,98,0,19,2
30,"u6",32,75,1,38,31
30,"u6",37,21,17,12,23
30,"u6",42,10,8,0,10
30,"u6",47,16,0,2,3
30,"u6",52,6,2,0,0
30,"u7",7,1,0,0,0
30,"u7",12,10,0,4,0
30,"u7",17,50,0,37,0
30,"u7",22,200,2,129,13
30,"u7",27,75,12,76,34
30,"u7",32,19,24,1,18
30,"u7",37,36,16,2,17
30,"u7",42,15,27,0,2
30,"u7",47,24,5,1,3
30,"u7",52,10,1,0,0
30,"u8",7,2,0,3,0
30,"u8",12,11,0,2,0
30,"u8",17,30,0,7,0
30,"u8",22,44,6,15,1
30,"u8",27,6,7,9,32
30,"u8",32,8,0,8,2
30,"u8",37,12,6,1,1
30,"u8",42,4,3,0,0
30,"u8",47,38,4,0,0
30,"u8",52,16,4,0,0
31,"u1",7,18,0,1,0
31,"u1",12,26,3,1,0
31,"u1",17,59,1,9,1
31,"u1",22,44,5,9,4
31,"u1",27,86,1,11,1
31,"u1",32,81,1,7,0
31,"u1",37,20,12,21,0
31,"u1",42,25,3,6,5
31,"u1",47,7,12,3,2
31,"u1",52,9,0,0,0
31,"u2",7,6,0,2,0
31,"u2",12,10,1,13,0
31,"u2",17,22,0,2,0
31,"u2",22,18,5,22,4
31,"u2",27,48,0,37,0
31,"u2",32,50,7,25,4
31,"u2",37,23,15,23,2
31,"u2",42,13,7,7,3
31,"u2",47,6,10,14,1
31,"u2",52,1,1,5,2
31,"u3",7,4,0,1,0
31,"u3",12,16,1,11,0
31,"u3",17,56,0,8,2
31,"u3",22,69,2,12,1
31,"u3",27,47,0,18,12
31,"u3",32,23,14,18,10
31,"u3",37,14,17,11,4
31,"u3",42,8,11,9,0
31,"u3",47,1,2,1,3
31,"u3",52,0,0,1,2
31,"u4",7,6,0,0,0
31,"u4",12,11,0,2,0
31,"u4",17,17,1,4,0
31,"u4",22,46,0,4,1
31,"u4",27,17,0,5,3
31,"u4",32,33,6,11,1
31,"u4",37,81,15,3,4
31,"u4",42,27,10,4,5
31,"u4",47,3,6,5,1
31,"u4",52,15,0,4,0
31,"u5",7,7,0,6,0
31,"u5",12,16,0,1,0
31,"u5",17,22,1,14,0
31,"u5",22,94,3,15,7
31,"u5",27,54,15,38,5
31,"u5",32,35,18,8,24
31,"u5",37,21,4,5,5
31,"u5",42,8,0,5,0
31,"u5",47,11,0,2,1
31,"u5",52,2,1,1,1
31,"u6",7,8,0,1,0
31,"u6",12,17,0,2,0
31,"u6",17,119,0,8,0
31,"u6",22,38,5,13,2
31,"u6",27,62,23,11,10
31,"u6",32,43,0,4,1
31,"u6",37,76,10,0,1
31,"u6",42,38,16,0,0
31,"u6",47,17,1,0,0
31,"u6",52,15,1,0,0
31,"u7",7,9,0,4,0
31,"u7",12,20,1,5,0
31,"u7",17,18,0,1,0
31,"u7",22,41,1,13,1
31,"u7",27,30,35,10,1
31,"u7",32,7,2,20,1
31,"u7",37,5,20,4,2
31,"u7",42,35,2,6,1
31,"u7",47,13,15,7,1
31,"u7",52,25,1,3,0
31,"u8",7,2,0,0,0
31,"u8",12,2,0,8,0
31,"u8",17,7,0,5,0
31,"u8",22,27,0,8,0
31,"u8",27,23,1,71,0
31,"u8",32,33,9,9,2
31,"u8",37,23,3,1,3
31,"u8",42,2,5,0,5
31,"u8",47,1,0,0,0
31,"u8",52,1,0,0,1
32,"u1",7,6,0,1,0
32,"u1",12,11,0,10,0
32,"u1",17,21,0,29,0
32,"u1",22,22,1,27,1
32,"u1",27,146,33,69,0
32,"u1",32,76,0,57,70
32,"u1",37,15,18,36,118
32,"u1",42,39,75,20,18
32,"u1",47,21,8,40,5
32,"u1",52,12,6,18,3
32,"u2",7,5,0,1,0
32,"u2",12,25,0,11,0
32,"u2",17,47,0,18,1
32,"u2",22,75,1,57,22
32,"u2",27,63,31,24,15
32,"u2",32,18,11,38,9
32,"u2",37,8,3,16,2
32,"u2",42,2,2,17,4
32,"u2",47,1,1,7,27
32,"u2",52,0,0,7,11
32,"u3",7,3,0,0,0
32,"u3",12,7,0,6,0
32,"u3",17,21,0,8,1
32,"u3",22,67,0,9,0
32,"u3",27,76,3,15,0
32,"u3",32,104,5,7,3
32,"u3",37,64,5,6,0
32,"u3",42,8,16,4,1
32,"u3",47,8,1,7,0
32,"u3",52,7,0,1,0
32,"u4",7,1,0,4,0
32,"u4",12,11,0,2,0
32,"u4",17,21,2,12,0
32,"u4",22,78,0,6,2
32,"u4",27,61,8,9,1
32,"u4",32,71,10,8,6
32,"u4",37,19,8,5,0
32,"u4",42,4,5,0,0
32,"u4",47,6,2,0,0
32,"u4",52,11,0,0,0
32,"u5",7,7,0,3,0
32,"u5",12,3,0,6,0
32,"u5",17,53,0,10,0
32,"u5",22,115,5,15,0
32,"u5",27,54,1,10,0
32,"u5",32,47,2,15,2
32,"u5",37,67,22,10,3
32,"u5",42,37,2,2,1
32,"u5",47,27,3,2,2
32,"u5",52,18,1,1,0
32,"u6",7,4,0,0,0
32,"u6",12,3,0,1,0
32,"u6",17,27,0,6,0
32,"u6",22,18,0,14,3
32,"u6",27,83,0,87,4
32,"u6",32,62,123,38,4
32,"u6",37,6,6,1,51
32,"u6",42,10,0,4,6
32,"u6",47,6,3,5,2
32,"u6",52,3,0,7,0
32,"u7",7,9,0,3,0
32,"u7",12,32,0,2,0
32,"u7",17,56,0,65,0
32,"u7",22,46,5,20,11
32,"u7",27,20,35,26,1
32,"u7",32,6,1,6,4
32,"u7",37,2,0,4,6
32,"u7",42,1,0,2,1
32,"u7",47,0,0,0,0
32,"u7",52,0,0,0,3
32,"u8",7,3,0,1,0
32,"u8",12,5,0,5,0
32,"u8",17,17,0,6,0
32,"u8",22,45,0,18,0
32,"u8",27,32,23,3,1
32,"u8",32,138,37,11,5
32,"u8",37,100,71,1,2
32,"u8",42,123,0,1,3
32,"u8",47,68,7,2,0
32,"u8",52,17,5,0,0
33,"u1",7,11,0,3,0
33,"u1",12,15,0,1,0
33,"u1",17,45,0,5,0
33,"u1",22,97,5,1,0
33,"u1",27,51,21,5,2
33,"u1",32,19,11,8,0
33,"u1",37,25,0,6,11
33,"u1",42,23,36,3,3
33,"u1",47,24,5,5,0
33,"u1",52,11,0,2,0
33,"u2",7,8,0,0,0
33,"u2",12,12,0,3,0
33,"u2",17,38,2,7,0
33,"u2",22,57,1,18,0
33,"u2",27,103,0,53,6
33,"u2",32,96,14,28,14
33,"u2",37,27,23,5,3
33,"u2",42,22,12,7,1
33,"u2",47,23,14,3,1
33,"u2",52,20,8,6,1
33,"u3",7,4,0,2,0
33,"u3",12,22,0,12,0
33,"u3",17,98,0,46,0
33,"u3",22,173,2,196,9
33,"u3",27,85,17,52,30
33,"u3",32,41,29,12,201
33,"u3",37,30,6,27,18
33,"u3",42,9,1,5,0
33,"u3",47,5,0,7,16
33,"u3",52,3,2,0,3
33,"u4",7,12,0,0,0
33,"u4",12,16,0,2,0
33,"u4",17,10,0,9,1
33,"u4",22,163,2,28,3
33,"u4",27,110,41,41,5
33,"u4",32,29,15,23,13
33,"u4",37,5,16,2,11
33,"u4",42,1,3,0,0
33,"u4",47,1,3,0,1
33,"u4",52,0,1,0,0
33,"u5",7,4,0,1,0
33,"u5",12,5,2,5,0
33,"u5",17,44,0,28,0
33,"u5",22,24,0,126,1
33,"u5",27,14,9,19,18
33,"u5",32,4,6,6,2
33,"u5",37,1,2,1,34
33,"u5",42,2,1,6,4
33,"u5",47,0,0,1,1
33,"u5",52,0,1,0,0
33,"u6",7,14,0,1,0
33,"u6",12,18,1,5,0
33,"u6",17,32,0,3,0
33,"u6",22,26,4,49,0
33,"u6",27,21,8,16,28
33,"u6",32,18,18,15,22
33,"u6",37,4,21,3,2
33,"u6",42,2,2,2,1
33,"u6",47,1,0,0,0
33,"u6",52,1,0,3,1
33,"u7",7,1,0,3,0
33,"u7",12,25,0,6,0
33,"u7",17,17,1,5,0
33,"u7",22,85,0,18,0
33,"u7",27,70,0,15,3
33,"u7",32,18,4,6,4
33,"u7",37,5,2,5,7
33,"u7",42,21,10,1,2
33,"u7",47,4,0,1,0
33,"u7",52,2,0,2,0
33,"u8",7,5,0,1,0
33,"u8",12,28,0,13,0
33,"u8",17,8,0,35,0
33,"u8",22,47,0,9,1
33,"u8",27,57,25,25,29
33,"u8",32,14,2,3,18
33,"u8",37,5,0,6,3
33,"u8",42,0,0,4,10
33,"u8",47,0,0,0,2
33,"u8",52,2,0,0,1
34,"u1",7,4,0,2,0
34,"u1",12,35,0,17,0
34,"u1",17,26,0,43,0
34,"u1",22,50,3,83,2
34,"u1",27,44,10,44,3
34,"u1",32,10,10,22,6
34,"u1",37,7,0,5,2
34,"u1",42,10,16,2,2
34,"u1",47,3,5,2,0
34,"u1",52,5,3,1,1
34,"u2",7,7,0,1,0
34,"u2",12,2,0,3,0
34,"u2",17,47,0,23,6
34,"u2",22,49,2,28,1
34,"u2",27,70,16,29,18
34,"u2",32,72,23,42,9
34,"u2",37,11,2,10,1
34,"u2",42,13,2,5,1
34,"u2",47,20,6,3,0
34,"u2",52,9,4,1,1
34,"u3",7,1,0,1,0
34,"u3",12,44,0,12,0
34,"u3",17,138,1,66,0
34,"u3",22,265,25,37,1
34,"u3",27,143,6,47,19
34,"u3",32,17,3,55,15
34,"u3",37,20,0,4,11
34,"u3",42,16,31,9,0
34,"u3",47,7,2,3,5
34,"u3",52,1,1,0,1
34,"u4",7,3,0,1,0
34,"u4",12,27,0,4,0
34,"u4",17,23,0,13,0
34,"u4",22,30,1,32,0
34,"u4",27,156,10,20,1
34,"u4",32,293,25,13,5
34,"u4",37,125,28,9,2
34,"u4",42,32,19,9,16
34,"u4",47,17,13,8,4
34,"u4",52,18,15,3,0
34,"u5",7,8,0,1,0
34,"u5",12,49,0,7,0
34,"u5",17,244,0,82,0
34,"u5",22,177,35,52,17
34,"u5",27,79,45,28,49
34,"u5",32,20,13,9,40
34,"u5",37,3,15,2,10
34,"u5",42,0,0,2,0
34,"u5",47,0,0,4,0
34,"u5",52,1,0,4,1
34,"u6",7,9,0,3,0
34,"u6",12,13,0,2,0
34,"u6",17,22,0,17,0
34,"u6",22,61,4,36,6
34,"u6",27,123,28,58,7
34,"u6",32,12,13,23,40
34,"u6",37,27,3,30,6
34,"u6",42,2,1,8,9
34,"u6",47,4,3,3,0
34,"u6",52,0,0,0,5
34,"u7",7,2,1,2,0
34,"u7",12,5,0,3,0
34,"u7",17,11,0,6,0
34,"u7",22,97,1,11,1
34,"u7",27,36,0,18,3
34,"u7",32,34,3,24,21
34,"u7",37,4,0,5,0
34,"u7",42,10,0,7,2
34,"u7",47,2,5,0,4
34,"u7",52,0,0,0,2
34,"u8",7,2,0,3,0
34,"u8",12,17,0,4,0
34,"u8",17,21,0,11,0
34,"u8",22,56,0,41,1
34,"u8",27,44,2,86,4
34,"u8",32,23,0,59,63
34,"u8",37,9,1,15,11
34,"u8",42,0,3,6,14
34,"u8",47,0,0,0,13
34,"u8",52,0,0,1,5
35,"u1",7,1,0,1,0
35,"u1",12,18,0,5,0
35,"u1",17,15,0,6,0
35,"u1",22,12,0,13,0
35,"u1",27,21,7,6,1
35,"u1",32,56,29,9,3
35,"u1",37,65,27,17,2
35,"u1",42,9,1,18,4
35,"u1",47,11,22,8,13
35,"u1",52,3,8,4,4
35,"u2",7,6,1,2,0
35,"u2",12,7,0,1,0
35,"u2",17,11,3,5,0
35,"u2",22,19,11,14,0
35,"u2",27,19,1,12,3
35,"u2",32,79,16,5,1
35,"u2",37,32,20,11,4
35,"u2",42,3,8,10,5
35,"u2",47,22,2,0,0
35,"u2",52,27,5,0,2
35,"u3",7,2,0,1,0
35,"u3",12,11,0,3,0
35,"u3",17,46,0,28,0
35,"u3",22,96,5,14,1
35,"u3",27,67,8,7,6
35,"u3",32,67,17,9,6
35,"u3",37,29,3,0,10
35,"u3",42,35,51,2,1
35,"u3",47,56,8,1,0
35,"u3",52,30,9,1,0
35,"u4",7,3,0,1,0
35,"u4",12,18,0,3,0
35,"u4",17,12,0,7,0
35,"u4",22,33,0,7,0
35,"u4",27,62,1,8,1
35,"u4",32,11,0,11,5
35,"u4",37,18,3,8,2
35,"u4",42,7,2,0,5
35,"u4",47,6,0,3,1
35,"u4",52,0,1,0,0
35,"u5",7,5,0,0,0
35,"u5",12,4,0,7,0
35,"u5",17,36,0,6,0
35,"u5",22,46,1,11,0
35,"u5",27,66,8,19,11
35,"u5",32,121,19,8,2
35,"u5",37,7,5,2,0
35,"u5",42,20,1,0,4
35,"u5",47,31,12,1,1
35,"u5",52,18,16,0,0
35,"u6",7,8,0,3,0
35,"u6",12,8,0,2,0
35,"u6",17,4,0,3,0
35,"u6",22,40,0,7,0
35,"u6",27,46,2,10,0
35,"u6",32,88,3,19,2
35,"u6",37,15,10,12,0
35,"u6",42,36,1,6,5
35,"u6",47,34,11,1,6
35,"u6",52,1,4,0,0
35,"u7",7,5,0,2,0
35,"u7",12,31,0,8,2
35,"u7",17,76,0,22,0
35,"u7",22,50,8,36,7
35,"u7",27,65,6,21,21
35,"u7",32,21,13,5,6
35,"u7",37,21,3,1,0
35,"u7",42,13,1,1,0
35,"u7",47,13,0,1,0
35,"u7",52,7,0,3,0
35,"u8",7,1,0,1,0
35,"u8",12,6,0,3,1
35,"u8",17,14,1,15,0
35,"u8",22,40,10,23,8
35,"u8",27,67,4,11,6
35,"u8",32,18,12,41,8
35,"u8",37,4,17,9,17
35,"u8",42,2,0,4,9
35,"u8",47,0,0,5,15
35,"u8",52,0,0,1,1
36,"u1",7,3,0,1,0
36,"u1",12,30,2,9,0
36,"u1",17,39,3,18,1
36,"u1",22,51,9,35,10
36,"u1",27,8,21,12,2
36,"u1",32,29,16,17,2
36,"u1",37,9,34,5,1
36,"u1",42,3,1,5,1
36,"u1",47,4,6,2,4
36,"u1",52,12,0,0,0
36,"u2",7,6,0,2,0
36,"u2",12,4,0,1,0
36,"u2",17,12,0,1,0
36,"u2",22,36,0,5,0
36,"u2",27,72,0,29,0
36,"u2",32,73,1,67,0
36,"u2",37,32,20,54,13
36,"u2",42,78,1,32,11
36,"u2",47,14,11,7,30
36,"u2",52,10,8,6,1
36,"u3",7,2,0,0,0
36,"u3",12,3,0,4,0
36,"u3",17,85,1,15,0
36,"u3",22,85,0,8,0
36,"u3",27,47,5,15,1
36,"u3",32,46,25,12,6
36,"u3",37,12,1,6,3
36,"u3",42,10,3,1,2
36,"u3",47,5,4,2,0
36,"u3",52,3,0,2,0
36,"u4",7,5,0,2,0
36,"u4",12,11,0,8,0
36,"u4",17,10,0,6,0
36,"u4",22,30,0,8,0
36,"u4",27,42,3,30,0
36,"u4",32,42,3,61,17
36,"u4",37,16,21,22,14
36,"u4",42,3,10,6,31
36,"u4",47,5,3,0,14
36,"u4",52,0,1,2,3
36,"u5",7,8,0,1,0
36,"u5",12,7,0,3,0
36,"u5",17,31,1,15,0
36,"u5",22,99,3,15,3
36,"u5",27,116,23,40,6
36,"u5",32,26,23,15,16
36,"u5",37,33,28,10,0
36,"u5",42,12,0,0,5
36,"u5",47,2,6,2,1
36,"u5",52,3,0,1,0
36,"u6",7,4,0,4,0
36,"u6",12,4,0,3,0
36,"u6",17,15,0,13,0
36,"u6",22,17,0,21,1
36,"u6",27,47,2,45,1
36,"u6",32,44,2,12,9
36,"u6",37,33,8,28,41
36,"u6",42,2,1,21,29
36,"u6",47,1,0,7,4
36,"u6",52,0,0,1,4
36,"u7",7,3,0,3,0
36,"u7",12,12,0,7,0
36,"u7",17,40,0,11,0
36,"u7",22,29,2,17,0
36,"u7",27,105,4,23,2
36,"u7",32,25,11,3,1
36,"u7",37,33,22,0,1
36,"u7",42,9,9,0,0
36,"u7",47,4,1,0,0
36,"u7",52,8,1,0,0
36,"u8",7,6,0,1,0
36,"u8",12,9,0,1,0
36,"u8",17,9,0,27,0
36,"u8",22,50,2,30,1
36,"u8",27,35,7,11,3
36,"u8",32,7,3,7,20
36,"u8",37,12,2,2,8
36,"u8",42,7,12,1,1
36,"u8",47,2,1,0,2
36,"u8",52,13,3,2,0
37,"u1",7,2,1,1,0
37,"u1",12,3,1,0,0
37,"u1",17,38,0,9,0
37,"u1",22,60,3,37,0
37,"u1",27,141,4,37,7
37,"u1",32,53,10,34,32
37,"u1",37,4,11,81,10
37,"u1",42,8,6,38,1
37,"u1",47,1,2,8,1
37,"u1",52,0,5,1,6
37,"u2",7,6,0,0,0
37,"u2",12,7,0,3,0
37,"u2",17,14,2,5,0
37,"u2",22,69,0,13,0
37,"u2",27,32,1,17,0
37,"u2",32,22,0,43,0
37,"u2",37,69,1,14,4
37,"u2",42,14,7,3,21
37,"u2",47,20,6,9,5
37,"u2",52,14,0,2,2
37,"u3",7,2,0,1,0
37,"u3",12,3,0,1,0
37,"u3",17,22,0,3,0
37,"u3",22,56,1,32,0
37,"u3",27,41,1,51,1
37,"u3",32,19,15,56,13
37,"u3",37,17,3,24,29
37,"u3",42,40,23,7,6
37,"u3",47,2,10,8,8
37,"u3",52,0,0,7,20
37,"u4",7,4,0,8,0
37,"u4",12,22,0,3,0
37,"u4",17,7,0,9,0
37,"u4",22,28,0,12,0
37,"u4",27,37,6,23,1
37,"u4",32,46,8,36,30
37,"u4",37,15,20,20,73
37,"u4",42,5,4,20,12
37,"u4",47,7,0,3,12
37,"u4",52,1,1,5,4
37,"u5",7,2,0,5,0
37,"u5",12,15,0,4,0
37,"u5",17,37,1,13,0
37,"u5",22,74,7,52,3
37,"u5",27,85,4,22,15
37,"u5",32,21,4,18,100
37,"u5",37,20,14,11,22
37,"u5",42,5,15,9,4
37,"u5",47,2,12,4,14
37,"u5",52,0,1,2,9
37,"u6",7,2,1,0,0
37,"u6",12,3,0,1,0
37,"u6",17,40,0,13,0
37,"u6",22,25,0,20,2
37,"u6",27,89,0,35,9
37,"u6",32,34,2,18,34
37,"u6",37,8,12,1,13
37,"u6",42,7,17,1,9
37,"u6",47,4,0,2,2
37,"u6",52,9,1,0,2
37,"u7",7,1,0,1,0
37,"u7",12,17,0,2,0
37,"u7",17,22,0,18,0
37,"u7",22,25,5,21,1
37,"u7",27,39,6,27,2
37,"u7",32,4,28,4,17
37,"u7",37,9,0,3,5
37,"u7",42,1,0,3,10
37,"u7",47,1,0,10,2
37,"u7",52,3,0,5,0
37,"u8",7,13,0,1,0
37,"u8",12,9,0,1,0
37,"u8",17,16,0,17,0
37,"u8",22,58,2,8,0
37,"u8",27,45,14,20,0
37,"u8",32,42,0,10,0
37,"u8",37,2,4,1,7
37,"u8",42,0,1,1,0
37,"u8",47,0,0,1,2
37,"u8",52,0,0,1,4
38,"u1",7,8,1,1,0
38,"u1",12,4,0,3,0
38,"u1",17,17,3,3,0
38,"u1",22,12,2,8,0
38,"u1",27,37,1,16,0
38,"u1",32,22,12,21,0
38,"u1",37,24,3,9,2
38,"u1",42,11,4,9,0
38,"u1",47,22,2,4,2
38,"u1",52,8,3,3,6
38,"u2",7,6,0,1,0
38,"u2",12,26,1,0,0
38,"u2",17,114,2,21,0
38,"u2",22,140,1,45,1
38,"u2",27,487,47,46,3
38,"u2",32,101,90,86,0
38,"u2",37,78,56,44,13
38,"u2",42,73,6,22,33
38,"u2",47,183,26,25,6
38,"u2",52,217,19,13,0
38,"u3",7,4,0,6,0
38,"u3",12,12,0,6,0
38,"u3",17,34,0,6,0
38,"u3",22,63,0,9,0
38,"u3",27,100,0,32,1
38,"u3",32,103,0,60,0
38,"u3",37,32,2,11,13
38,"u3",42,121,22,25,25
38,"u3",47,33,44,2,2
38,"u3",52,13,12,4,5
38,"u4",7,5,0,2,0
38,"u4",12,9,0,1,0
38,"u4",17,27,3,8,0
38,"u4",22,37,2,45,2
38,"u4",27,84,6,32,20
38,"u4",32,63,51,13,3
38,"u4",37,45,12,2,1
38,"u4",42,17,1,5,2
38,"u4",47,2,0,1,2
38,"u4",52,16,0,0,0
38,"u5",7,0,0,1,0
38,"u5",12,5,0,2,0
38,"u5",17,15,0,10,0
38,"u5",22,41,2,14,0
38,"u5",27,82,3,14,1
38,"u5",32,76,4,12,0
38,"u5",37,26,11,11,5
38,"u5",42,3,10,9,25
38,"u5",47,11,0,9,8
38,"u5",52,3,3,1,2
38,"u6",7,5,0,0,0
38,"u6",12,4,0,6,0
38,"u6",17,30,1,5,0
38,"u6",22,50,0,8,0
38,"u6",27,86,5,7,0
38,"u6",32,13,5,33,7
38,"u6",37,47,2,18,2
38,"u6",42,8,0,3,7
38,"u6",47,5,2,0,0
38,"u6",52,0,1,0,1
38,"u7",7,4,0,0,0
38,"u7",12,4,0,3,0
38,"u7",17,15,1,8,0
38,"u7",22,15,0,38,0
38,"u7",27,28,0,37,17
38,"u7",32,7,4,10,3
38,"u7",37,0,1,0,1
38,"u7",42,0,0,0,0
38,"u7",47,0,0,0,0
38,"u7",52,0,1,1,0
38,"u8",7,4,0,2,0
38,"u8",12,11,0,1,0
38,"u8",17,45,0,21,0
38,"u8",22,87,0,108,5
38,"u8",27,29,5,27,84
38,"u8",32,14,6,3,41
38,"u8",37,12,14,13,3
38,"u8",42,4,0,1,23
38,"u8",47,4,0,1,1
38,"u8",52,5,0,4,1
39,"u1",7,3,0,1,0
39,"u1",12,2,0,8,0
39,"u1",17,53,0,2,3
39,"u1",22,46,1,17,2
39,"u1",27,78,0,10,1
39,"u1",32,30,3,22,14
39,"u1",37,110,111,23,0
39,"u1",42,135,91,2,4
39,"u1",47,120,68,5,1
39,"u1",52,52,71,3,8
39,"u2",7,2,0,0,0
39,"u2",12,1,0,5,0
39,"u2",17,12,0,12,0
39,"u2",22,14,2,16,0
39,"u2",27,45,3,16,0
39,"u2",32,59,0,23,1
39,"u2",37,62,15,27,2
39,"u2",42,94,91,34,8
39,"u2",47,33,9,8,9
39,"u2",52,30,1,4,16
39,"u3",7,4,0,0,0
39,"u3",12,14,0,1,0
39,"u3",17,23,0,4,0
39,"u3",22,47,0,4,0
39,"u3",27,174,0,62,0
39,"u3",32,68,19,12,0
39,"u3",37,116,12,14,1
39,"u3",42,110,6,2,0
39,"u3",47,30,24,5,0
39,"u3",52,11,9,3,0
39,"u4",7,0,0,3,0
39,"u4",12,11,0,1,0
39,"u4",17,14,0,8,0
39,"u4",22,52,2,34,1
39,"u4",27,223,17,23,3
39,"u4",32,96,93,38,69
39,"u4",37,114,22,10,37
39,"u4",42,154,66,8,3
39,"u4",47,197,51,0,4
39,"u4",52,154,23,2,0
39,"u5",7,3,0,3,0
39,"u5",12,4,0,3,0
39,"u5",17,50,0,10,0
39,"u5",22,22,1,8,0
39,"u5",27,28,3,15,0
39,"u5",32,29,1,12,1
39,"u5",37,26,8,19,25
39,"u5",42,16,4,11,7
39,"u5",47,6,18,8,2
39,"u5",52,2,3,0,5
39,"u6",7,7,1,1,0
39,"u6",12,23,0,5,0
39,"u6",17,67,0,32,0
39,"u6",22,55,19,11,7
39,"u6",27,55,22,14,33
39,"u6",32,45,6,0,3
39,"u6",37,10,32,6,3
39,"u6",42,5,2,1,5
39,"u6",47,11,0,1,2
39,"u6",52,7,3,0,1
39,"u7",7,5,0,1,0
39,"u7",12,12,0,7,0
39,"u7",17,15,0,3,0
39,"u7",22,110,0,47,1
39,"u7",27,108,26,60,0
39,"u7",32,21,17,9,1
39,"u7",37,12,2,13,16
39,"u7",42,23,6,8,20
39,"u7",47,25,5,9,26
39,"u7",52,20,18,1,4
39,"u8",7,3,0,2,0
39,"u8",12,26,1,3,0
39,"u8",17,61,0,10,1
39,"u8",22,106,0,18,2
39,"u8",27,10,0,13,10
39,"u8",32,13,1,5,9
39,"u8",37,2,2,0,9
39,"u8",42,1,4,4,2
39,"u8",47,0,0,0,2
39,"u8",52,0,1,1,0
40,"u1",7,12,0,1,0
40,"u1",12,22,0,5,0
40,"u1",17,69,1,13,0
40,"u1",22,169,2,41,0
40,"u1",27,97,160,42,4
40,"u1",32,23,79,15,2
40,"u1",37,20,10,15,0
40,"u1",42,37,4,4,6
40,"u1",47,53,0,10,5
40,"u1",52,23,26,1,2
40,"u2",7,6,0,0,0
40,"u2",12,18,0,5,0
40,"u2",17,55,0,13,0
40,"u2",22,127,7,9,2
40,"u2",27,100,45,18,3
40,"u2",32,66,18,17,8
40,"u2",37,52,7,7,1
40,"u2",42,17,0,28,1
40,"u2",47,16,21,8,4
40,"u2",52,1,2,5,5
40,"u3",7,9,0,2,0
40,"u3",12,35,0,1,0
40,"u3",17,29,0,9,0
40,"u3",22,42,4,12,1
40,"u3",27,22,1,23,3
40,"u3",32,22,30,16,1
40,"u3",37,15,17,14,1
40,"u3",42,31,9,3,1
40,"u3",47,7,0,0,4
40,"u3",52,5,1,1,1
40,"u4",7,4,0,3,0
40,"u4",12,23,0,9,0
40,"u4",17,18,1,15,2
40,"u4",22,51,6,12,3
40,"u4",27,40,13,16,1
40,"u4",32,54,26,14,1
40,"u4",37,18,20,3,3
40,"u4",42,7,6,1,2
40,"u4",47,5,0,0,2
40,"u4",52,12,0,5,3
40,"u5",7,4,0,0,0
40,"u5",12,13,0,2,0
40,"u5",17,21,0,1,0
40,"u5",22,42,1,11,0
40,"u5",27,44,0,26,0
40,"u5",32,85,6,11,2
40,"u5",37,48,36,18,0
40,"u5",42,31,1,4,1
40,"u5",47,14,25,3,2
40,"u5",52,32,1,0,0
40,"u6",7,7,0,0,0
40,"u6",12,23,0,6,0
40,"u6",17,38,2,9,1
40,"u6",22,62,4,30,6
40,"u6",27,141,10,21,8
40,"u6",32,53,19,17,5
40,"u6",37,79,0,3,14
40,"u6",42,15,3,6,0
40,"u6",47,9,0,3,2
40,"u6",52,0,0,6,2
40,"u7",7,5,0,1,0
40,"u7",12,64,0,2,0
40,"u7",17,68,2,10,1
40,"u7",22,78,1,17,2
40,"u7",27,58,44,2,10
40,"u7",32,18,1,1,4
40,"u7",37,4,2,0,1
40,"u7",42,6,1,0,0
40,"u7",47,2,1,0,1
40,"u7",52,0,1,0,0
40,"u8",7,15,0,2,0
40,"u8",12,24,0,3,0
40,"u8",17,64,0,7,0
40,"u8",22,82,1,36,0
40,"u8",27,88,4,21,6
40,"u8",32,14,1,7,43
40,"u8",37,9,4,12,1
40,"u8",42,3,1,2,3
40,"u8",47,2,0,0,0
40,"u8",52,3,0,0,2
41,"u1",7,1,0,3,0
41,"u1",12,9,0,2,0
41,"u1",17,10,0,9,0
41,"u1",22,21,0,33,0
41,"u1",27,8,3,87,1
41,"u1",32,40,6,50,0
41,"u1",37,14,2,27,23
41,"u1",42,39,21,51,17
41,"u1",47,3,3,23,17
41,"u1",52,3,6,13,2
41,"u2",7,6,0,1,0
41,"u2",12,6,0,4,0
41,"u2",17,7,0,22,0
41,"u2",22,88,2,24,0
41,"u2",27,153,3,53,4
41,"u2",32,64,2,23,6
41,"u2",37,28,35,3,19
41,"u2",42,7,0,6,2
41,"u2",47,1,0,3,0
41,"u2",52,5,1,3,0
41,"u3",7,4,0,1,0
41,"u3",12,5,0,3,0
41,"u3",17,2,0,5,0
41,"u3",22,14,0,7,0
41,"u3",27,23,1,52,7
41,"u3",32,44,5,19,93
41,"u3",37,8,9,15,96
41,"u3",42,2,14,31,21
41,"u3",47,1,1,0,1
41,"u3",52,7,1,0,1
41,"u4",7,6,0,1,0
41,"u4",12,8,0,1,0
41,"u4",17,10,0,8,0
41,"u4",22,35,1,6,0
41,"u4",27,25,0,43,0
41,"u4",32,89,8,16,2
41,"u4",37,72,24,13,5
41,"u4",42,69,6,11,0
41,"u4",47,69,11,2,5
41,"u4",52,48,8,1,2
41,"u5",7,5,0,2,0
41,"u5",12,10,0,3,1
41,"u5",17,36,1,12,0
41,"u5",22,70,0,23,1
41,"u5",27,54,6,32,18
41,"u5",32,36,2,14,31
41,"u5",37,59,3,7,1
41,"u5",42,99,1,6,3
41,"u5",47,32,6,1,0
41,"u5",52,33,0,4,1
41,"u6",7,11,0,1,0
41,"u6",12,13,0,5,0
41,"u6",17,75,0,7,1
41,"u6",22,91,0,40,0
41,"u6",27,35,49,5,20
41,"u6",32,13,1,5,1
41,"u6",37,7,5,3,1
41,"u6",42,5,1,0,0
41,"u6",47,1,1,1,0
41,"u6",52,5,0,1,0
41,"u7",7,8,0,2,0
41,"u7",12,10,0,2,0
41,"u7",17,15,0,13,0
41,"u7",22,54,1,37,0
41,"u7",27,50,4,16,3
41,"u7",32,104,14,39,18
41,"u7",37,5,9,21,10
41,"u7",42,6,1,4,6
41,"u7",47,7,3,0,7
41,"u7",52,1,0,1,4
41,"u8",7,3,0,2,0
41,"u8",12,8,0,4,2
41,"u8",17,13,0,13,1
41,"u8",22,16,1,21,2
41,"u8",27,44,7,5,5
41,"u8",32,21,20,6,0
41,"u8",37,2,1,0,0
41,"u8",42,0,0,0,1
41,"u8",47,5,0,0,0
41,"u8",52,5,0,0,0
42,"u1",7,2,0,1,0
42,"u1",12,7,0,11,0
42,"u1",17,31,0,17,0
42,"u1",22,157,9,14,7
42,"u1",27,49,2,48,7
42,"u1",32,8,170,51,9
42,"u1",37,26,23,98,14
42,"u1",42,7,19,10,9
42,"u1",47,9,1,20,3
42,"u1",52,4,1,9,6
42,"u2",7,0,0,3,0
42,"u2",12,14,0,10,0
42,"u2",17,30,0,7,0
42,"u2",22,18,1,20,0
42,"u2",27,34,2,106,12
42,"u2",32,73,28,41,32
42,"u2",37,21,22,34,22
42,"u2",42,15,31,1,20
42,"u2",47,8,5,1,9
42,"u2",52,5,0,0,3
42,"u3",7,5,0,1,0
42,"u3",12,11,0,6,2
42,"u3",17,6,0,1,0
42,"u3",22,6,0,7,0
42,"u3",27,12,0,15,0
42,"u3",32,48,0,17,1
42,"u3",37,45,1,124,6
42,"u3",42,133,14,117,4
42,"u3",47,18,14,76,10
42,"u3",52,25,5,33,5
42,"u4",7,1,0,1,0
42,"u4",12,9,0,7,0
42,"u4",17,62,1,5,0
42,"u4",22,7,0,20,1
42,"u4",27,115,7,13,8
42,"u4",32,20,67,3,8
42,"u4",37,42,3,4,0
42,"u4",42,59,15,1,0
42,"u4",47,16,7,0,0
42,"u4",52,7,1,0,0
42,"u5",7,2,0,3,0
42,"u5",12,4,0,2,0
42,"u5",17,31,1,14,0
42,"u5",22,69,5,15,3
42,"u5",27,14,4,55,23
42,"u5",32,18,2,20,13
42,"u5",37,15,39,8,14
42,"u5",42,15,1,6,10
42,"u5",47,13,0,1,7
42,"u5",52,3,0,4,6
42,"u6",7,5,0,3,0
42,"u6",12,24,0,10,1
42,"u6",17,35,1,15,2
42,"u6",22,33,0,33,1
42,"u6",27,29,1,25,4
42,"u6",32,0,13,6,6
42,"u6",37,7,1,3,1
42,"u6",42,0,0,1,1
42,"u6",47,0,0,0,2
42,"u6",52,0,0,0,0
42,"u7",7,3,0,4,0
42,"u7",12,18,1,3,1
42,"u7",17,31,1,1,2
42,"u7",22,16,2,4,1
42,"u7",27,11,5,2,9
42,"u7",32,16,1,5,0
42,"u7",37,3,1,0,2
42,"u7",42,1,0,0,2
42,"u7",47,0,0,0,0
42,"u7",52,0,0,0,0
42,"u8",7,12,0,2,0
42,"u8",12,5,0,1,0
42,"u8",17,56,0,3,1
42,"u8",22,32,2,14,2
42,"u8",27,21,11,9,2
42,"u8",32,13,5,4,12
42,"u8",37,4,0,12,2
42,"u8",42,1,2,14,0
42,"u8",47,8,0,7,4
42,"u8",52,4,0,8,18
43,"u1",7,3,0,0,0
43,"u1",12,24,0,5,0
43,"u1",17,17,0,16,0
43,"u1",22,47,0,65,0
43,"u1",27,81,0,31,1
43,"u1",32,30,7,41,4
43,"u1",37,19,2,10,12
43,"u1",42,15,6,7,8
43,"u1",47,23,35,7,6
43,"u1",52,7,5,8,0
43,"u2",7,3,0,0,0
43,"u2",12,5,0,1,0
43,"u2",17,38,0,3,1
43,"u2",22,56,0,36,0
43,"u2",27,62,3,42,0
43,"u2",32,138,39,40,2
43,"u2",37,86,9,39,23
43,"u2",42,31,100,13,10
43,"u2",47,18,1,7,0
43,"u2",52,9,7,9,1
43,"u3",7,7,0,1,0
43,"u3",12,8,0,10,0
43,"u3",17,14,0,18,0
43,"u3",22,21,5,16,0
43,"u3",27,22,10,10,0
43,"u3",32,24,5,15,9
43,"u3",37,23,34,6,2
43,"u3",42,31,6,7,3
43,"u3",47,16,29,0,5
43,"u3",52,15,1,4,4
43,"u4",7,17,0,2,0
43,"u4",12,23,1,3,0
43,"u4",17,23,1,9,3
43,"u4",22,13,1,7,0
43,"u4",27,26,4,25,7
43,"u4",32,3,2,7,17
43,"u4",37,1,5,4,4
43,"u4",42,2,0,9,2
43,"u4",47,3,0,6,2
43,"u4",52,4,0,2,5
43,"u5",7,2,0,2,0
43,"u5",12,20,0,5,0
43,"u5",17,31,3,6,0
43,"u5",22,60,0,33,1
43,"u5",27,31,2,1,10
43,"u5",32,20,20,10,2
43,"u5",37,42,2,2,1
43,"u5",42,31,3,5,8
43,"u5",47,12,0,2,0
43,"u5",52,8,1,4,1
43,"u6",7,1,0,2,0
43,"u6",12,11,0,12,0
43,"u6",17,20,0,8,0
43,"u6",22,30,0,34,1
43,"u6",27,42,24,66,20
43,"u6",32,36,17,10,31
43,"u6",37,19,7,5,1
43,"u6",42,10,12,0,3
43,"u6",47,12,0,2,1
43,"u6",52,10,1,0,0
43,"u7",7,7,0,0,0
43,"u7",12,14,1,2,0
43,"u7",17,14,0,37,0
43,"u7",22,91,2,91,0
43,"u7",27,130,25,43,19
43,"u7",32,20,5,16,32
43,"u7",37,4,7,18,13
43,"u7",42,2,2,7,27
43,"u7",47,3,0,4,2
43,"u7",52,4,0,2,8
43,"u8",7,6,0,0,0
43,"u8",12,26,0,3,0
43,"u8",17,12,0,3,0
43,"u8",22,16,0,1,0
43,"u8",27,34,1,5,0
43,"u8",32,27,18,33,1
43,"u8",37,21,6,12,1
43,"u8",42,2,0,6,33
43,"u8",47,2,0,3,8
43,"u8",52,0,0,1,2
44,"u1",7,14,0,3,0
44,"u1",12,42,0,10,0
44,"u1",17,39,1,6,0
44,"u1",22,28,0,3,0
44,"u1",27,60,8,4,0
44,"u1",32,55,2,3,3
44,"u1",37,53,6,5,0
44,"u1",42,42,0,1,0
44,"u1",47,53,4,1,3
44,"u1",52,32,10,2,0
44,"u2",7,2,0,2,0
44,"u2",12,11,0,2,0
44,"u2",17,49,1,3,1
44,"u2",22,20,0,16,0
44,"u2",27,33,14,12,1
44,"u2",32,17,0,11,2
44,"u2",37,39,21,11,4
44,"u2",42,23,0,3,0
44,"u2",47,16,0,10,0
44,"u2",52,59,29,22,7
44,"u3",7,1,0,2,0
44,"u3",12,24,0,6,0
44,"u3",17,17,1,30,0
44,"u3",22,29,3,24,1
44,"u3",27,144,12,57,3
44,"u3",32,56,19,10,35
44,"u3",37,37,7,5,12
44,"u3",42,16,23,1,3
44,"u3",47,14,9,3,1
44,"u3",52,8,2,1,1
44,"u4",7,2,0,3,0
44,"u4",12,13,0,4,0
44,"u4",17,6,0,11,2
44,"u4",22,15,5,15,1
44,"u4",27,9,1,9,3
44,"u4",32,19,8,6,8
44,"u4",37,6,10,2,4
44,"u4",42,11,26,1,3
44,"u4",47,4,0,0,2
44,"u4",52,2,0,0,0
44,"u5",7,7,0,0,0
44,"u5",12,10,0,2,0
44,"u5",17,46,7,8,0
44,"u5",22,117,27,5,0
44,"u5",27,148,0,2,1
44,"u5",32,54,18,2,0
44,"u5",37,8,2,0,1
44,"u5",42,5,0,0,0
44,"u5",47,1,1,0,0
44,"u5",52,3,2,0,0
44,"u6",7,9,0,2,0
44,"u6",12,10,0,5,0
44,"u6",17,7,0,17,1
44,"u6",22,51,1,17,0
44,"u6",27,21,14,55,11
44,"u6",32,29,0,61,25
44,"u6",37,9,26,20,5
44,"u6",42,41,4,1,4
44,"u6",47,5,0,0,0
44,"u6",52,4,0,0,0
44,"u7",7,3,0,4,0
44,"u7",12,2,0,11,0
44,"u7",17,27,0,19,0
44,"u7",22,82,2,90,1
44,"u7",27,36,2,49,99
44,"u7",32,13,3,14,31
44,"u7",37,1,1,5,42
44,"u7",42,0,0,6,25
44,"u7",47,0,0,1,30
44,"u7",52,0,0,1,0
44,"u8",7,6,0,2,0
44,"u8",12,17,1,1,0
44,"u8",17,67,0,12,1
44,"u8",22,27,4,15,3
44,"u8",27,31,5,7,8
44,"u8",32,8,0,7,32
44,"u8",37,8,3,8,5
44,"u8",42,3,0,0,3
44,"u8",47,1,0,0,3
44,"u8",52,0,0,1,5
45,"u1",7,4,0,1,0
45,"u1",12,9,2,9,0
45,"u1",17,27,3,18,0
45,"u1",22,126,4,28,0
45,"u1",27,190,52,68,8
45,"u1",32,43,23,18,5
45,"u1",37,72,12,11,6
45,"u1",42,45,44,16,1
45,"u1",47,36,18,4,5
45,"u1",52,13,22,1,2
45,"u2",7,6,0,2,0
45,"u2",12,6,0,4,0
45,"u2",17,24,0,15,1
45,"u2",22,70,0,40,0
45,"u2",27,40,4,43,5
45,"u2",32,31,11,29,0
45,"u2",37,58,58,36,8
45,"u2",42,34,18,14,6
45,"u2",47,49,13,1,5
45,"u2",52,19,4,10,0
45,"u3",7,7,0,2,0
45,"u3",12,8,0,2,1
45,"u3",17,21,0,8,0
45,"u3",22,54,0,4,0
45,"u3",27,83,0,4,0
45,"u3",32,48,1,19,1
45,"u3",37,94,13,22,4
45,"u3",42,118,78,3,9
45,"u3",47,50,1,10,2
45,"u3",52,25,3,1,0
45,"u4",7,3,0,3,0
45,"u4",12,6,0,1,0
45,"u4",17,21,0,17,0
45,"u4",22,83,0,64,0
45,"u4",27,18,5,46,2
45,"u4",32,11,2,14,9
45,"u4",37,8,7,12,6
45,"u4",42,4,2,9,2
45,"u4",47,2,7,1,7
45,"u4",52,0,1,2,1
45,"u5",7,3,0,2,0
45,"u5",12,2,0,6,1
45,"u5",17,23,0,13,0
45,"u5",22,33,0,5,1
45,"u5",27,44,0,9,2
45,"u5",32,25,0,47,3
45,"u5",37,40,4,9,19
45,"u5",42,0,3,11,3
45,"u5",47,5,0,5,2
45,"u5",52,9,4,3,0
45,"u6",7,10,0,0,0
45,"u6",12,3,0,3,0
45,"u6",17,15,0,2,0
45,"u6",22,42,2,4,1
45,"u6",27,63,2,0,0
45,"u6",32,57,4,1,0
45,"u6",37,24,25,1,0
45,"u6",42,16,3,1,3
45,"u6",47,5,0,0,1
45,"u6",52,2,1,0,1
45,"u7",7,2,0,4,0
45,"u7",12,41,0,5,0
45,"u7",17,19,1,5,1
45,"u7",22,182,0,30,1
45,"u7",27,4,4,9,25
45,"u7",32,101,8,10,13
45,"u7",37,80,5,1,10
45,"u7",42,5,0,0,1
45,"u7",47,3,2,1,1
45,"u7",52,7,1,1,5
45,"u8",7,10,0,1,0
45,"u8",12,10,0,4,0
45,"u8",17,58,0,13,0
45,"u8",22,104,1,22,0
45,"u8",27,93,8,15,4
45,"u8",32,84,52,3,16
45,"u8",37,36,1,1,4
45,"u8",42,23,9,0,0
45,"u8",47,15,2,1,1
45,"u8",52,23,2,2,0
46,"u1",7,3,0,2,0
46,"u1",12,5,0,2,0
46,"u1",17,14,0,11,0
46,"u1",22,34,2,24,0
46,"u1",27,28,1,39,4
46,"u1",32,34,16,41,3
46,"u1",37,40,3,63,12
46,"u1",42,81,7,14,12
46,"u1",47,36,22,19,0
46,"u1",52,34,12,12,2
46,"u2",7,12,0,1,0
46,"u2",12,5,0,7,0
46,"u2",17,24,1,15,0
46,"u2",22,40,8,41,2
46,"u2",27,36,18,47,1
46,"u2",32,11,11,51,31
46,"u2",37,9,12,22,24
46,"u2",42,2,9,19,0
46,"u2",47,4,0,24,23
46,"u2",52,1,0,8,16
46,"u3",7,5,0,0,0
46,"u3",12,12,0,1,0
46,"u3",17,8,0,4,0
46,"u3",22,25,0,2,0
46,"u3",27,23,0,4,0
46,"u3",32,4,1,14,0
46,"u3",37,32,1,4,1
46,"u3",42,28,3,14,0
46,"u3",47,8,17,12,1
46,"u3",52,11,7,20,7
46,"u4",7,0,0,2,0
46,"u4",12,23,0,2,0
46,"u4",17,20,0,2,0
46,"u4",22,164,8,7,1
46,"u4",27,296,32,3,1
46,"u4",32,114,32,3,1
46,"u4",37,102,0,4,3
46,"u4",42,16,9,0,0
46,"u4",47,21,5,0,0
46,"u4",52,6,0,2,1
46,"u5",7,6,0,2,0
46,"u5",12,7,0,7,0
46,"u5",17,40,0,8,0
46,"u5",22,90,2,32,0
46,"u5",27,117,10,22,65
46,"u5",32,29,18,19,16
46,"u5",37,3,1,2,30
46,"u5",42,2,1,2,10
46,"u5",47,8,10,0,0
46,"u5",52,7,0,2,0
46,"u6",7,6,0,2,0
46,"u6",12,4,0,1,0
46,"u6",17,32,2,4,0
46,"u6",22,18,3,12,0
46,"u6",27,34,10,18,2
46,"u6",32,23,0,26,45
46,"u6",37,84,15,10,19
46,"u6",42,13,7,7,5
46,"u6",47,11,0,2,12
46,"u6",52,4,0,6,2
46,"u7",7,9,0,2,0
46,"u7",12,4,0,3,0
46,"u7",17,14,0,6,1
46,"u7",22,46,2,28,0
46,"u7",27,49,13,23,7
46,"u7",32,7,1,7,4
46,"u7",37,4,4,9,6
46,"u7",42,2,2,0,0
46,"u7",47,1,0,1,10
46,"u7",52,8,4,0,0
46,"u8",7,4,0,1,0
46,"u8",12,6,0,2,0
46,"u8",17,12,0,14,0
46,"u8",22,18,7,31,1
46,"u8",27,28,3,14,6
46,"u8",32,2,8,10,15
46,"u8",37,3,2,2,3
46,"u8",42,1,0,0,1
46,"u8",47,0,0,0,0
46,"u8",52,0,0,0,1
47,"u1",7,4,0,2,0
47,"u1",12,8,0,3,0
47,"u1",17,8,2,4,0
47,"u1",22,27,11,8,1
47,"u1",27,3,7,17,8
47,"u1",32,4,8,38,2
47,"u1",37,10,20,25,69
47,"u1",42,7,26,52,15
47,"u1",47,0,2,14,56
47,"u1",52,1,0,13,16
47,"u2",7,12,0,2,0
47,"u2",12,26,0,7,0
47,"u2",17,29,0,85,0
47,"u2",22,146,4,81,5
47,"u2",27,57,90,131,125
47,"u2",32,49,55,55,72
47,"u2",37,40,87,22,31
47,"u2",42,14,8,26,3
47,"u2",47,12,13,1,0
47,"u2",52,2,0,0,1
47,"u3",7,5,0,2,0
47,"u3",12,13,0,3,0
47,"u3",17,32,1,19,1
47,"u3",22,220,6,20,7
47,"u3",27,107,114,5,4
47,"u3",32,61,38,8,12
47,"u3",37,23,5,9,2
47,"u3",42,24,9,3,3
47,"u3",47,10,0,5,1
47,"u3",52,6,0,0,2
47,"u4",7,6,0,1,0
47,"u4",12,15,0,1,0
47,"u4",17,11,0,9,0
47,"u4",22,12,3,9,0
47,"u4",27,19,3,22,1
47,"u4",32,49,10,57,8
47,"u4",37,56,0,16,9
47,"u4",42,15,20,4,11
47,"u4",47,6,6,2,3
47,"u4",52,7,1,4,0
47,"u5",7,4,0,2,1
47,"u5",12,41,0,5,0
47,"u5",17,23,1,10,0
47,"u5",22,8,3,13,1
47,"u5",27,62,10,2,1
47,"u5",32,50,2,4,3
47,"u5",37,67,4,0,0
47,"u5",42,24,3,1,0
47,"u5",47,12,3,0,0
47,"u5",52,2,10,0,0
47,"u6",7,2,1,4,0
47,"u6",12,7,0,4,0
47,"u6",17,90,0,26,1
47,"u6",22,34,0,49,2
47,"u6",27,33,7,33,7
47,"u6",32,13,9,10,5
47,"u6",37,2,1,1,5
47,"u6",42,1,4,1,7
47,"u6",47,0,0,0,0
47,"u6",52,1,0,0,0
47,"u7",7,12,0,1,0
47,"u7",12,15,0,3,0
47,"u7",17,41,1,6,0
47,"u7",22,42,4,6,2
47,"u7",27,18,8,4,3
47,"u7",32,19,0,2,0
47,"u7",37,0,0,5,0
47,"u7",42,6,0,1,0
47,"u7",47,5,1,0,2
47,"u7",52,1,0,0,0
47,"u8",7,2,0,1,0
47,"u8",12,21,0,5,0
47,"u8",17,24,1,33,1
47,"u8",22,27,3,18,0
47,"u8",27,30,25,31,5
47,"u8",32,22,8,2,5
47,"u8",37,6,1,4,5
47,"u8",42,4,3,0,0
47,"u8",47,9,0,0,3
47,"u8",52,7,0,0,0
48,"u1",7,9,0,0,0
48,"u1",12,27,0,4,0
48,"u1",17,103,0,22,0
48,"u1",22,107,0,25,1
48,"u1",27,89,4,46,10
48,"u1",32,144,29,57,11
48,"u1",37,71,33,21,0
48,"u1",42,47,3,22,2
48,"u1",47,80,65,10,3
48,"u1",52,30,1,6,4
48,"u2",7,0,0,0,1
48,"u2",12,18,0,2,0
48,"u2",17,29,0,14,1
48,"u2",22,70,2,137,11
48,"u2",27,88,25,216,62
48,"u2",32,19,4,30,15
48,"u2",37,52,41,28,6
48,"u2",42,19,17,4,7
48,"u2",47,8,3,5,0
48,"u2",52,4,7,2,0
48,"u3",7,3,0,1,0
48,"u3",12,5,0,4,0
48,"u3",17,20,0,5,0
48,"u3",22,55,1,7,2
48,"u3",27,43,9,7,1
48,"u3",32,167,5,10,4
48,"u3",37,217,52,11,5
48,"u3",42,266,146,8,9
48,"u3",47,163,127,10,17
48,"u3",52,53,12,4,15
48,"u4",7,5,0,4,0
48,"u4",12,15,0,9,0
48,"u4",17,46,0,8,0
48,"u4",22,148,3,17,1
48,"u4",27,125,17,19,6
48,"u4",32,59,35,8,9
48,"u4",37,43,216,11,2
48,"u4",42,21,10,0,6
48,"u4",47,19,1,6,1
48,"u4",52,5,4,2,3
48,"u5",7,5,0,2,0
48,"u5",12,6,0,2,0
48,"u5",17,12,0,10,1
48,"u5",22,21,1,11,1
48,"u5",27,17,7,15,6
48,"u5",32,3,11,15,6
48,"u5",37,11,10,8,5
48,"u5",42,0,1,13,5
48,"u5",47,2,1,4,6
48,"u5",52,0,1,3,1
48,"u6",7,5,0,5,0
48,"u6",12,10,0,11,0
48,"u6",17,95,0,25,0
48,"u6",22,76,0,12,0
48,"u6",27,30,9,78,28
48,"u6",32,5,1,9,9
48,"u6",37,2,0,1,4
48,"u6",42,0,1,0,1
48,"u6",47,2,0,0,2
48,"u6",52,0,0,0,2
48,"u7",7,4,0,2,0
48,"u7",12,11,0,3,0
48,"u7",17,6,0,5,0
48,"u7",22,22,0,1,0
48,"u7",27,118,3,38,1
48,"u7",32,42,0,26,19
48,"u7",37,16,2,3,66
48,"u7",42,9,5,1,14
48,"u7",47,3,0,5,12
48,"u7",52,0,0,3,1
48,"u8",7,10,0,4,0
48,"u8",12,13,0,2,0
48,"u8",17,28,0,9,2
48,"u8",22,13,12,8,0
48,"u8",27,21,2,3,2
48,"u8",32,12,11,1,1
48,"u8",37,14,5,4,3
48,"u8",42,12,0,0,3
48,"u8",47,7,0,0,0
48,"u8",52,10,0,0,0
49,"u1",7,0,0,0,0
49,"u1",12,17,0,11,0
49,"u1",17,11,2,9,0
49,"u1",22,24,0,2,0
49,"u1",27,57,0,12,0
49,"u1",32,70,0,22,0
49,"u1",37,91,11,15,0
49,"u1",42,68,23,8,7
49,"u1",47,14,19,10,1
49,"u1",52,16,1,4,4
49,"u2",7,0,0,0,0
49,"u2",12,7,0,3,0
49,"u2",17,37,1,13,0
49,"u2",22,108,0,95,1
49,"u2",27,224,26,142,38
49,"u2",32,41,19,71,13
49,"u2",37,21,32,15,24
49,"u2",42,16,57,27,13
49,"u2",47,1,1,21,12
49,"u2",52,0,1,11,10
49,"u3",7,2,0,1,0
49,"u3",12,10,0,7,0
49,"u3",17,31,0,9,0
49,"u3",22,65,2,32,10
49,"u3",27,21,1,35,9
49,"u3",32,15,6,51,12
49,"u3",37,11,17,6,24
49,"u3",42,6,1,4,5
49,"u3",47,0,0,5,1
49,"u3",52,0,0,6,6
49,"u4",7,4,0,3,0
49,"u4",12,23,1,4,0
49,"u4",17,96,1,33,0
49,"u4",22,98,15,107,14
49,"u4",27,91,45,21,24
49,"u4",32,118,62,15,9
49,"u4",37,49,26,10,5
49,"u4",42,36,8,2,5
49,"u4",47,13,5,1,1
49,"u4",52,3,2,0,0
49,"u5",7,5,0,0,0
49,"u5",12,7,0,2,0
49,"u5",17,40,0,7,0
49,"u5",22,34,6,7,1
49,"u5",27,160,40,24,0
49,"u5",32,185,7,11,1
49,"u5",37,17,9,8,0
49,"u5",42,10,14,4,2
49,"u5",47,12,0,0,2
49,"u5",52,2,0,6,1
49,"u6",7,3,0,0,0
49,"u6",12,23,0,7,0
49,"u6",17,19,1,5,0
49,"u6",22,70,0,11,1
49,"u6",27,45,5,17,2
49,"u6",32,31,15,22,4
49,"u6",37,21,19,15,5
49,"u6",42,6,10,1,0
49,"u6",47,3,1,3,1
49,"u6",52,5,0,5,0
49,"u7",7,1,0,0,0
49,"u7",12,19,0,5,0
49,"u7",17,98,1,10,0
49,"u7",22,49,0,11,1
49,"u7",27,90,2,2,3
49,"u7",32,63,1,2,3
49,"u7",37,13,5,0,0
49,"u7",42,13,0,0,0
49,"u7",47,4,2,1,2
49,"u7",52,3,0,2,0
49,"u8",7,2,0,0,0
49,"u8",12,6,0,2,1
49,"u8",17,28,1,30,1
49,"u8",22,13,2,43,32
49,"u8",27,0,2,17,4
49,"u8",32,1,0,0,13
49,"u8",37,1,0,0,7
49,"u8",42,0,0,0,5
49,"u8",47,0,0,2,6
49,"u8",52,0,1,9,3
50,"u1",7,4,0,1,0
50,"u1",12,12,0,6,0
50,"u1",17,18,0,19,0
50,"u1",22,41,4,50,2
50,"u1",27,106,17,147,37
50,"u1",32,64,77,58,80
50,"u1",37,8,79,30,5
50,"u1",42,3,11,25,26
50,"u1",47,1,2,34,5
50,"u1",52,0,1,49,66
50,"u2",7,1,0,3,0
50,"u2",12,11,0,7,0
50,"u2",17,47,0,9,0
50,"u2",22,35,1,74,0
50,"u2",27,72,6,111,11
50,"u2",32,35,11,16,46
50,"u2",37,26,0,15,1
50,"u2",42,5,21,6,5
50,"u2",47,9,1,3,0
50,"u2",52,3,2,9,11
50,"u3",7,4,1,1,0
50,"u3",12,3,0,5,0
50,"u3",17,8,0,6,0
50,"u3",22,35,0,5,0
50,"u3",27,118,8,18,0
50,"u3",32,83,17,37,6
50,"u3",37,163,207,28,5
50,"u3",42,83,23,33,5
50,"u3",47,16,15,12,7
50,"u3",52,150,15,8,7
50,"u4",7,15,0,3,0
50,"u4",12,57,0,9,0
50,"u4",17,206,3,34,2
50,"u4",22,276,12,61,41
50,"u4",27,26,52,23,13
50,"u4",32,6,0,5,9
50,"u4",37,2,3,1,4
50,"u4",42,1,1,0,1
50,"u4",47,0,0,0,0
50,"u4",52,1,0,0,0
50,"u5",7,1,0,3,0
50,"u5",12,16,0,5,0
50,"u5",17,36,5,22,1
50,"u5",22,99,2,28,5
50,"u5",27,66,5,37,27
50,"u5",32,38,38,23,6
50,"u5",37,6,0,0,11
50,"u5",42,2,15,1,5
50,"u5",47,0,2,0,0
50,"u5",52,0,2,0,0
50,"u6",7,2,0,2,0
50,"u6",12,7,0,4,0
50,"u6",17,5,1,10,1
50,"u6",22,17,0,13,1
50,"u6",27,44,16,10,1
50,"u6",32,58,9,7,1
50,"u6",37,2,5,3,16
50,"u6",42,4,1,0,0
50,"u6",47,3,3,1,0
50,"u6",52,6,1,1,0
50,"u7",7,5,0,3,0
50,"u7",12,14,0,10,1
50,"u7",17,13,0,35,0
50,"u7",22,49,3,44,9
50,"u7",27,23,12,16,20
50,"u7",32,15,1,9,2
50,"u7",37,5,10,4,3
50,"u7",42,4,1,2,1
50,"u7",47,0,1,1,1
50,"u7",52,7,0,1,3
50,"u8",7,2,0,2,0
50,"u8",12,5,0,4,0
50,"u8",17,23,0,4,0
50,"u8",22,32,0,14,0
50,"u8",27,56,0,12,3
50,"u8",32,46,5,0,0
50,"u8",37,11,0,1,1
50,"u8",42,5,2,0,0
50,"u8",47,5,0,0,1
50,"u8",52,3,0,0,0
