"truth","b","ll_null","AIC_null","k_null","ll_alt","AIC_alt","k_alt","Delta_AIC","selected"
"shared",1,-849.469764040029,1746.93952808006,24,-841.442390741642,1744.88478148328,31,-2.05474659677293,"alt"
"shared",2,-817.448318417503,1682.89663683501,24,-809.193829100884,1680.38765820177,31,-2.50897863323644,"alt"
"shared",3,-829.243703418348,1706.4874068367,24,-826.8118380426,1715.6236760852,31,9.13626924850382,"null"
"shared",4,-854.286936904041,1756.57387380808,24,-850.908864495081,1763.81772899016,31,7.24385518208032,"null"
"shared",5,-836.237360054639,1720.47472010928,24,-829.219140678387,1720.43828135677,31,-0.0364387525028178,"alt"
"shared",6,-843.380010228368,1734.76002045674,24,-838.689629450402,1739.3792589008,31,4.61923844406851,"null"
"shared",7,-809.700589807019,1667.40117961404,24,-805.978233549565,1673.95646709913,31,6.55528748509118,"null"
"shared",8,-788.387295660741,1624.77459132148,24,-786.716467454425,1635.43293490885,31,10.6583435873674,"null"
"shared",9,-830.453481769695,1708.90696353939,24,-829.097547121479,1720.19509424296,31,11.2881307035666,"null"
"shared",10,-823.705337260289,1695.41067452058,24,-816.836004441489,1695.67200888298,31,0.261334362400021,"null"
"shared",11,-794.628473151718,1637.25694630344,24,-788.4644779981,1638.9289559962,31,1.6720096927636,"null"
"shared",12,-876.096691261581,1800.19338252316,24,-869.297087709919,1800.59417541984,31,0.40079289667483,"null"
"shared",13,-820.087026462786,1688.17405292557,24,-816.464034493866,1694.92806898773,31,6.75401606215928,"null"
"shared",14,-869.185077577914,1786.37015515583,24,-863.255100775843,1788.51020155169,31,2.14004639585823,"null"
"shared",15,-829.071545434864,1706.14309086973,24,-819.42916420853,1700.85832841706,31,-5.28476245266711,"alt"
"shared",16,-757.492745548744,1562.98549109749,24,-751.553247751847,1565.10649550369,31,2.12100440620475,"null"
"shared",17,-866.355241556766,1780.71048311353,24,-865.184429172219,1792.36885834444,31,11.6583752309043,"null"
"shared",18,-833.668287827577,1715.33657565515,24,-831.716892162878,1725.43378432576,31,10.0972086706008,"null"
"shared",19,-883.80362972036,1815.60725944072,24,-878.67700789062,1819.35401578124,31,3.74675634051937,"null"
"shared",20,-845.315687426658,1738.63137485332,24,-844.856573201846,1751.71314640369,31,13.0817715503749,"null"
"shared",21,-832.442219801978,1712.88443960396,24,-829.302431200753,1720.60486240151,31,7.72042279754942,"null"
"shared",22,-841.456279604832,1730.91255920966,24,-836.719341876742,1735.43868375348,31,4.52612454381892,"null"
"shared",23,-864.35520980988,1776.71041961976,24,-856.71656731146,1775.43313462292,31,-1.2772849968419,"alt"
"shared",24,-891.170906648626,1830.34181329725,24,-886.636858764145,1835.27371752829,31,4.9319042310367,"null"
"shared",25,-862.802760324533,1773.60552064907,24,-858.332347505585,1778.66469501117,31,5.0591743621053,"null"
"shared",26,-824.741136920212,1697.48227384042,24,-817.239000155484,1696.47800031097,31,-1.00427352945621,"alt"
"shared",27,-853.949972296668,1755.89994459334,24,-842.346758126862,1746.69351625372,31,-9.20642833961028,"alt"
"shared",28,-822.844925135083,1693.68985027017,24,-814.593736624432,1691.18747324886,31,-2.50237702130198,"alt"
"shared",29,-801.620210266211,1651.24042053242,24,-791.582846786078,1645.16569357216,31,-6.07472696026639,"alt"
"shared",30,-873.933394525956,1795.86678905191,24,-872.66242755747,1807.32485511494,31,11.4580660630281,"null"
"shared",31,-829.910786321603,1707.82157264321,24,-821.813647842161,1705.62729568432,31,-2.19427695888294,"alt"
"shared",32,-846.507292332076,1741.01458466415,24,-843.680381587558,1749.36076317512,31,8.34617851096436,"null"
"shared",33,-846.009960454299,1740.0199209086,24,-845.379944670617,1752.75988934123,31,12.7399684326363,"null"
"shared",34,-839.390305701714,1726.78061140343,24,-838.743415754622,1739.48683150924,31,12.7062201058154,"null"
"shared",35,-893.29771946958,1834.59543893916,24,-890.339254673947,1842.6785093479,31,8.08307040873478,"null"
"shared",36,-814.012418624003,1676.02483724801,24,-811.707450324106,1685.41490064821,31,9.39006340020433,"null"
"shared",37,-810.227455103246,1668.45491020649,24,-805.528585857592,1673.05717171518,31,4.60226150869153,"null"
"shared",38,-867.265853356064,1782.53170671213,24,-863.569901877699,1789.1398037554,31,6.60809704326971,"null"
"shared",39,-804.478549012491,1656.95709802498,24,-800.706369320538,1663.41273864108,31,6.45564061609457,"null"
"shared",40,-827.323707148787,1702.64741429757,24,-820.690224561937,1703.38044912387,31,0.733034826300354,"null"
"shared",41,-819.329782826205,1686.65956565241,24,-818.800096748512,1699.60019349702,31,12.9406278446149,"null"
"shared",42,-884.013860352134,1816.02772070427,24,-871.442263115962,1804.88452623192,31,-11.1431944723442,"alt"
"shared",43,-853.835339176825,1755.67067835365,24,-849.382701550635,1760.76540310127,31,5.09472474761992,"null"
"shared",44,-865.625659054707,1779.25131810941,24,-864.307109094511,1790.61421818902,31,11.3629000796086,"null"
"shared",45,-830.105941622417,1708.21188324483,24,-826.48528799768,1714.97057599536,31,6.75869275052719,"null"
"shared",46,-819.441523676238,1686.88304735248,24,-815.103315147676,1692.20663029535,31,5.32358294287587,"null"
"shared",47,-803.911361442556,1655.82272288511,24,-803.980999009717,1669.96199801943,31,14.1392751343233,"null"
"shared",48,-797.147667976923,1642.29533595385,24,-794.72335512436,1651.44671024872,31,9.15137429487504,"null"
"shared",49,-892.512186528726,1833.02437305745,24,-892.52113200571,1847.04226401142,31,14.0178909539686,"null"
"shared",50,-848.652392739719,1745.30478547944,24,-846.877507434571,1755.75501486914,31,10.4502293897042,"null"
"unit_specific",1,-870.447554956645,1788.89510991329,24,-857.490246932331,1776.98049386466,31,-11.9146160486282,"alt"
"unit_specific",2,-858.212233101451,1764.4244662029,24,-846.467741757923,1754.93548351585,31,-9.48898268705602,"alt"
"unit_specific",3,-852.138691149996,1752.27738229999,24,-841.02533761819,1744.05067523638,31,-8.22670706361168,"alt"
"unit_specific",4,-834.732659985449,1717.4653199709,24,-824.221134656402,1710.4422693128,31,-7.0230506580931,"alt"
"unit_specific",5,-878.285058554032,1804.57011710806,24,-866.809934489855,1795.61986897971,31,-8.95024812835368,"alt"
"unit_specific",6,-830.16299040708,1708.32598081416,24,-821.457644854294,1704.91528970859,31,-3.4106911055726,"alt"
"unit_specific",7,-857.175702950066,1762.35140590013,24,-841.197806894787,1744.39561378957,31,-17.9557921105586,"alt"
"unit_specific",8,-885.485327476313,1818.97065495263,24,-865.247917525526,1792.49583505105,31,-26.4748199015728,"alt"
"unit_specific",9,-844.347629810206,1736.69525962041,24,-830.703114623013,1723.40622924603,31,-13.2890303743848,"alt"
"unit_specific",10,-798.371758661153,1644.74351732231,24,-790.454915737548,1642.9098314751,31,-1.8336858472087,"alt"
"unit_specific",11,-870.087514316627,1788.17502863325,24,-850.864058428179,1763.72811685636,31,-24.4469117768972,"alt"
"unit_specific",12,-858.376396680312,1764.75279336062,24,-846.686877665738,1755.37375533148,31,-9.37903802914775,"alt"
"unit_specific",13,-875.464032687386,1798.92806537477,24,-857.987121362708,1777.97424272542,31,-20.9538226493573,"alt"
"unit_specific",14,-844.726455091394,1737.45291018279,24,-830.080184958176,1722.16036991635,31,-15.2925402664346,"alt"
"unit_specific",15,-865.082027182511,1778.16405436502,24,-850.256918974775,1762.51383794955,31,-15.6502164154722,"alt"
"unit_specific",16,-915.784841654695,1879.56968330939,24,-906.124721487981,1874.24944297596,31,-5.32024033342736,"alt"
"unit_specific",17,-860.459296774259,1768.91859354852,24,-841.91614318929,1745.83228637858,31,-23.0863071699378,"alt"
"unit_specific",18,-894.505571856421,1837.01114371284,24,-870.355061804993,1802.71012360999,31,-34.3010201028574,"alt"
"unit_specific",19,-862.682004045381,1773.36400809076,24,-851.933932620187,1765.86786524037,31,-7.49614285038979,"alt"
"unit_specific",20,-862.12089998289,1772.24179996578,24,-850.550148011251,1763.1002960225,31,-9.14150394327726,"alt"
"unit_specific",21,-853.412344457641,1754.82468891528,24,-847.418227944249,1756.8364558885,31,2.0117669732158,"null"
"unit_specific",22,-914.339302664089,1876.67860532818,24,-892.549811830094,1847.09962366019,31,-29.5789816679903,"alt"
"unit_specific",23,-889.451283177714,1826.90256635543,24,-875.116691888262,1812.23338377652,31,-14.6691825789039,"alt"
"unit_specific",24,-916.812836748844,1881.62567349769,24,-896.517484573794,1855.03496914759,31,-26.5907043500999,"alt"
"unit_specific",25,-891.460502477602,1830.9210049552,24,-881.502248122244,1825.00449624449,31,-5.91650871071602,"alt"
"unit_specific",26,-930.064831303828,1908.12966260766,24,-923.51979112911,1909.03958225822,31,0.90991965056287,"null"
"unit_specific",27,-894.933750058828,1837.86750011766,24,-886.349618302526,1834.69923660505,31,-3.16826351260329,"alt"
"unit_specific",28,-825.812997852462,1699.62599570492,24,-808.386962581758,1678.77392516352,31,-20.8520705414076,"alt"
"unit_specific",29,-820.658992830742,1689.31798566148,24,-814.592916920067,1691.18583384013,31,1.86784817865055,"null"
"unit_specific",30,-884.047714677274,1816.09542935455,24,-862.278922412529,1786.55784482506,31,-29.5375845294911,"alt"
"unit_specific",31,-825.453119359633,1698.90623871927,24,-809.531113968564,1681.06222793713,31,-17.8440107821366,"alt"
"unit_specific",32,-850.798862087651,1749.5977241753,24,-840.495772796045,1742.99154559209,31,-6.60617858321143,"alt"
"unit_specific",33,-842.006812727495,1732.01362545499,24,-825.739396959383,1713.47879391877,31,-18.5348315362244,"alt"
"unit_specific",34,-889.125171578955,1826.25034315791,24,-882.032429457628,1826.06485891526,31,-0.185484242653501,"alt"
"unit_specific",35,-822.940718828293,1693.88143765659,24,-816.020739733598,1694.0414794672,31,0.160041810611347,"null"
"unit_specific",36,-809.299023163415,1666.59804632683,24,-800.949290159723,1663.89858031945,31,-2.69946600738444,"alt"
"unit_specific",37,-859.919210769958,1767.83842153992,24,-846.751514609901,1755.5030292198,31,-12.3353923201146,"alt"
"unit_specific",38,-872.607074139194,1793.21414827839,24,-854.849657796672,1771.69931559334,31,-21.5148326850447,"alt"
"unit_specific",39,-929.748921912397,1907.4978438248,24,-917.457857120041,1896.91571424008,31,-10.5821295847122,"alt"
"unit_specific",40,-853.28193991333,1754.56387982666,24,-834.589945972998,1731.179891946,31,-23.3839878806643,"alt"
"unit_specific",41,-829.13913479808,1706.27826959616,24,-819.651069617074,1701.30213923415,31,-4.97613036201028,"alt"
"unit_specific",42,-865.217860760696,1778.43572152139,24,-848.432641096292,1758.86528219258,31,-19.5704393288083,"alt"
"unit_specific",43,-862.532562535559,1773.06512507112,24,-851.00703469178,1764.01406938356,31,-9.05105568755744,"alt"
"unit_specific",44,-815.069357518543,1678.13871503709,24,-801.2710105058,1664.5420210116,31,-13.5966940254855,"alt"
"unit_specific",45,-878.376836372797,1804.75367274559,24,-861.084271987648,1784.1685439753,31,-20.5851287702981,"alt"
"unit_specific",46,-830.486404873632,1708.97280974726,24,-813.741395780997,1689.48279156199,31,-19.4900181852711,"alt"
"unit_specific",47,-854.628296330875,1757.25659266175,24,-845.661308871053,1753.32261774211,31,-3.93397491964447,"alt"
"unit_specific",48,-908.841836013718,1865.68367202744,24,-889.604104224599,1841.2082084492,31,-24.4754635782374,"alt"
"unit_specific",49,-855.368253984368,1758.73650796874,24,-848.175277980501,1758.350555961,31,-0.385952007733977,"alt"
"unit_specific",50,-858.071895315506,1764.14379063101,24,-842.596189541407,1747.19237908281,31,-16.9514115481991,"alt"
